station_name,lon,lat,id
一步滩,104.682543,28.8892032,node-8182270076
一间堡,125.3517872,43.9996151,node-1273440092
一面坡,128.0753067,45.0594057,node-1603990297
一面坡北,128.0804431,45.0837121,node-7082028652
一面山,124.091095,40.3475811,node-2349438769
七台河,130.8952944,45.8096799,node-5581944159
七台河西,130.7738473,45.7423244,node-9532243466
七宝,121.3235415,31.160489,node-3024239751
七泉湖,89.4662251,43.130286,node-9524436498
七甸,102.9786798,24.9339606,node-1569661841
七苏木,113.1848794,41.0776615,node-843276759
七营,106.1400983,36.5017084,node-4500244352
七道桥,118.0705364,39.5234369,node-7777165767
七里河,121.2513615,41.3370102,node-2336082808
七龙星,106.4317704,29.2326114,node-7748172763
万乐,126.4571241,45.8831297,node-8946555592
万发屯,127.1157325,46.5337783,node-2344167677
万宁,110.3768372,18.8094118,node-3923183425
万安县,114.8386311,26.5286066,node-2941969186
万家屯,119.8630875,40.0412055,node-5515174038
万州,108.3950425,30.7569356,node-1667611895
万州北,108.3621441,30.8655821,node-3500359221
万年,117.0748814,28.6884685,node-1675935532
万庄,116.5892606,39.5726056,node-8455171489
万水泉,109.9294018,40.5905537,node-9081737223
万水泉南,109.8910476,40.5774965,node-4071020924
万源,108.0372914,32.0866481,node-1586077485
万荣,102.4561100,18.9536100,node-7740322551
三义井,120.2472857,42.6992618,node-1720956510
三义村,109.0906385,34.4071616,node-11764057797
三井子,125.3400179,45.1034691,node-9171411671
三亚,109.4886823,18.2986924,node-7639541307
三元区,117.6025032,26.2436536,node-2396394864
三元坝,106.8335146,28.4940388,node-8308189559
三元西,117.3800103,26.1765512,node-7781469281
三关口,106.3920102,35.6649131,node-1783909033
三十家,119.048356,41.0126447,node-2336082812
三十里堡,121.7927137,39.2649587,node-1658989381
三十里铺,117.3994479,31.877383,node-9229648676
三原,108.943015,34.6065348,node-1532510497
三台,123.1544656,41.9486111,node-1655741320
三合庄,115.7078918,39.6344352,node-1984410997
三堂集,115.8155832,33.3387278,node-8417601181
三堆子,101.8238482,26.5993893,node-1558444975
三家子,123.5854312,42.4438422,node-9169253668
三家寨,104.7245624,26.1592155,node-2323960864
三家店,116.1142284,39.9491196,node-9265808501
三岔湖,104.3302587,30.3673715,node-10931476413
三平,116.9962787,39.9614912,node-8410935353
三把火,118.6723475,42.2948381,node-1720956509
三明,117.5853164,26.2329222,node-4665328470
三明北,117.8018037,26.3788958,node-2501318815
三星堆,104.2080978,30.9438936,node-10574653712
三桥,108.8271978,34.291626,node-9591666355
三水,112.8829658,23.162562,node-8440342293
三水北,112.9135497,23.187404,node-9195330012
三水南,112.8659875,23.1158845,node-9527375843
三汇坝,106.5790997,30.0605312,node-12732718441
三汇镇,107.1658542,31.0149093,node-1586077454
三江,106.6988776,28.95048,node-7322084532
三江南,109.5715732,25.7286956,node-9527375842
三江县,109.567536,25.838407,node-1614129025
三江口,123.7146774,43.3685586,node-2340355359
三江镇,115.9779302,28.3111123,node-2450072204
三河县,117.0857801,39.9713221,node-1582348727
三源浦,125.7546436,42.0536983,node-2327447495
三灶东,113.3982977,22.0425666,node-11581097078
三穗,108.6472985,26.9683801,node-2953809308
三花石,107.959068,33.1014194,node-1556058497
三营,106.1444969,36.2906333,node-1783909034
三道堰,103.9001875,30.8793248,node-9327370171
三道湖,126.9068473,42.3481734,node-6283151042
三道营,112.28925,40.99115,node-1597596229
三都县,107.8130854,26.0811324,node-3676339900
三门县,121.3587785,29.057886,node-7714110158
三门峡,111.2275679,34.7618546,node-4608144934
三门峡南,111.1542177,34.7495864,node-5128985378
三门峡西,111.074739,34.6879203,node-4721424792
三间房,123.8360052,47.0929596,node-1267538049
三阳,118.8018823,30.0294857,node-5728132767
三阳川,105.7055803,34.6657003,node-3840292051
上万,116.0389411,39.8212781,node-7798863096
上仓,117.4042771,39.9094618,node-1582348728
上关,100.1442203,25.9719107,node-553060982
上园,120.9597192,41.6154983,node-2336082815
上安,114.1979058,38.0605663,node-8405135450
上普雄,102.6565008,28.4648107,node-2092190082
上杭,116.391111,25.0760117,node-9992008818
上板城,118.0518409,40.8368888,node-844821220
上板城南,118.039869,40.823003,node-4017665839
上海,121.4511645,31.2515568,node-7161749775
上海南,121.4248842,31.1550117,node-7171261760
上海松江,121.2259019,30.9851033,node-7160140850
上海虹桥,121.3162004,31.1959782,node-4610023440
上海西,121.398156,31.2646031,node-7169128140
上腰墩,102.831624,37.772748,node-2340595342
上虞,120.8527582,30.0041754,node-7719079445
上虞南,120.7914099,29.9816345,node-11536193005
上街,119.1812872,26.0793918,node-7076285151
上西铺,104.46876,25.6728507,node-3193144359
上谷,118.474839,40.7945445,node-2374576654
上饶,118.0030852,28.4941154,node-1579354022
上高镇,117.1693816,36.1760652,node-2371591471
下仓,117.4273713,39.7944038,node-1582348730
下初,121.600159,37.0247483,node-5530871825
下台子,117.735134,40.6023229,node-4017761229
下城子,130.4395107,44.6690867,node-9131669913
下塘,106.5311948,24.0457006,node-8293209406
下小岔,104.9414599,35.362946,node-7276282772
下普雄,102.6247485,28.6336053,node-2092190123
下板城,118.1702808,40.7725126,node-2336082826
下社,113.17133,39.14883,node-1984411019
下花园,115.273745,40.485229,node-277605044
下花园北,115.2953009,40.5021076,node-4759822044
下辛店,113.8004422,30.8450303,node-7202565684
下马塘,123.73004,41.02986,node-2349438759
不冻泉,93.9313674,35.5363734,node-7296224595
且末,85.4897529,38.1844514,node-8204071013
丙谷,102.0793603,26.8314547,node-1558444875
东丰,125.539828,42.652216,node-1550774742
东乡,116.6214698,28.2301039,node-573196736
东二道河,134.1140699,47.6841461,node-9129925022
东京城,129.2185065,44.1156997,node-1604842611
东佳木斯,130.434087,46.7811798,node-9129925036
东元庆,112.933783,35.5715767,node-8392781271
东光,116.5253183,37.8918185,node-8410481231
东兴,110.1889968,40.5558282,node-4180575967
东升,113.2793078,22.6073119,node-7710011720
东升坝,106.6783537,28.8868586,node-8191141376
东南营子,119.1377804,42.3003057,node-1720956464
东台,120.3394002,32.8760478,node-1608115663
东坡,112.9164076,35.3854901,node-8021537650
东城南,113.7699274,22.9902055,node-9196767921
东大坝,117.811278,41.6567953,node-8428724689
东安,111.3046532,26.401832,node-1573735881
东安东,111.3319194,26.3810668,node-5144292957
东富,126.888415,44.364356,node-2332314835
东山,95.5021861,37.6703986,node-4366580972
东岔,106.5359848,34.443955,node-4906402909
东庄,116.6961041,35.4587868,node-9242869561
东戌,113.8142502,36.6948165,node-12881303516
东戴河,119.840857,40.0409524,node-8413859638
东方,108.6877602,19.0901338,node-7638983866
东方红,133.0761523,46.1975696,node-3693604532
东明县,115.0863545,35.268625,node-9565762623
东明村,121.2227105,43.2711429,node-1720956461
东来,121.63616,43.38728,node-844682326
东沟门,119.07339,40.92025,node-2336082786
东津,127.209177,46.7372697,node-2154670845
东海,131.3072726,45.2883303,node-9137873809
东海县,118.7636125,34.5168118,node-9242299259
东淤地,113.90068,39.26231,node-1984410964
东港北,124.1246778,39.9089585,node-9166853507
东湖,123.5303915,41.7424148,node-8402523344
东湾,104.7425,36.65134,node-840178569
东环,113.3604784,22.9768441,node-8901184327
东田良,112.9238884,35.9960169,node-746565019
东胜,109.9703013,39.8145874,node-4593258154
东胜东,110.0997196,39.7529711,node-5169885348
东胜西,109.8719217,39.7236883,node-3045569787
东至,117.0230412,30.175007,node-2381264575
东花园,115.7944017,40.3460732,node-7354877226
东花园北,115.7886009,40.3415932,node-4759794422
东莞,113.8544198,23.0912292,node-7101309828
东莞东,114.033974,22.9697892,node-4641554944
东莞南,114.063536,22.8480574,node-8270586790
东莞港,113.6061726,22.9106447,node-9195330004
东莞西,113.6207538,23.0115755,node-7056577695
东营,118.4663142,37.4545914,node-4585491663
东营南,118.545187,37.3560714,node-3855828881
东辛庄,120.4478743,40.3593385,node-1582507134
东边井,127.1057258,47.4084599,node-2344167668
东通化,126.0397569,41.7677071,node-1550539230
东镇,111.3062046,35.4277254,node-4076158512
东门,126.7158875,45.741087,node-9131669864
东阳关,113.4721914,36.5450163,node-8398800764
东阳北,120.2740374,29.315443,node-11309195871
东风,120.3280119,31.5755279,node-8047163740
东风南,100.1842028,40.9754998,node-9265491972
两家,123.938865,45.5263513,node-1273438948
两当,106.3063995,33.7768227,node-2373342127
两所屯,106.009641,26.2685787,node-8317336145
个旧,103.2114458,23.518437,node-9182286776
丫口寨,100.1071785,24.1346414,node-8286223112
中仓,116.657085,39.8960646,node-4883415766
中仙,118.3049825,25.9969326,node-2501362971
中兴,124.0414533,40.5283353,node-1660818558
中华门,118.7721046,32.0082359,node-1027660030
中卫,105.1863456,37.5217143,node-9118892093
中卫南,105.175193,37.4721786,node-7095681950
中原,113.6161972,34.7654959,node-6894218190
中台子,118.3565344,42.2099684,node-1721802922
中和,124.3747165,47.677574,node-1728086250
中嘴,107.8443502,29.3059655,node-1681825253
中堂,113.6163133,23.0787919,node-7063140834
中宁,105.6632147,37.5553142,node-5920270996
中宁东,105.6984656,37.4493018,node-4071848354
中宁南,105.6131023,37.3345501,node-840033678
中寨,104.1943146,24.7719404,node-8333458803
中山,113.4282401,22.5467069,node-7710011719
中山北,113.3770449,22.5608246,node-7249634471
中川机场,103.6138024,36.5044994,node-3744898244
中川机场东,103.6347719,36.5200918,node-10826706380
中梁山,106.4421415,29.4619815,node-9466211976
中滩,102.571645,24.7821286,node-8337940185
中牟,114.0274856,34.7100702,node-1775221286
中谊村,102.5874121,24.7374581,node-8337934840
丰乐镇,130.8661647,46.810308,node-9129925029
丰南,118.0903056,39.5722327,node-9274358857
丰城,115.7852828,28.1859208,node-2445670162
丰城东,115.8058681,28.1687135,node-2940767972
丰城南,115.7557763,28.0717516,node-2314081732
丰宁,116.6332135,41.1640157,node-3955145563
丰广,126.7085823,44.2491022,node-2332314836
丰水村,103.9832675,36.4598266,node-9118892083
丰润西,118.0194576,39.85386,node-3969960720
丰都,107.685842,29.8480689,node-3499357608
丰镇,113.156457,40.433881,node-1597596180
丰镇北,113.1240371,40.4418307,node-11669105993
丰顺东,116.1861424,23.8069818,node-13061379941
串子沟,120.4216802,40.7263491,node-1657973439
临县,110.9896671,37.8914593,node-4066594112
临城,114.606092,37.4685251,node-5431792962
临川,116.249537,27.962256,node-2445434505
临巴溪,107.0677056,30.8859204,node-8175715379
临平南,120.2917822,30.3828603,node-7160108922
临汝镇,112.6189028,34.2672929,node-4976678690
临江,126.897169,41.8014575,node-9174163143
临江场,105.946023,29.233513,node-1586701899
临江寺,104.6168524,30.2259898,node-8173038391
临江溪,104.2271221,28.174398,node-8323579405
临汾,111.5309138,36.0871901,node-807798087
临汾西,111.4594344,36.1016459,node-3012035419
临沂,118.3365565,35.0370419,node-10120263942
临沂东,118.4377511,35.1173634,node-1673581107
临沂北,118.3748424,35.1965267,node-9255881280
临沂南,118.4352161,35.0443428,node-2913762899
临沧,100.1115046,23.933437,node-8342496886
临河,107.4245324,40.7422071,node-7473263125
临泉,115.3720128,33.024398,node-8905032006
临泽,100.1584088,39.1562942,node-8064049603
临泽南,100.1229874,39.1331871,node-2987122864
临海,121.2424833,28.8830234,node-7714110157
临海东,121.2521874,28.7523598,node-8566164681
临海南,121.128814,28.8111669,node-8566213144
临淄,118.3025997,36.8048844,node-8093813886
临淄北,118.3351245,36.9056078,node-6202567108
临清,115.7316634,36.8416812,node-1672448051
临湘,113.4780782,29.477298,node-4582610497
临潼,109.207605,34.3898041,node-1532569277
临潼东,109.2510232,34.4335913,node-3012438538
临澧西,111.6037861,29.4363592,node-1612906141
临西,115.7080608,36.9277803,node-5449784703
临邑,116.8389796,37.3125952,node-8239658478
临颍,113.914648,33.8082207,node-10120263953
临高南,109.7551457,19.8696353,node-3926581871
丹东,124.3817595,40.1228859,node-582810252
丹东西,124.2574914,39.9980972,node-4615408976
丹凤,110.3490202,33.6813506,node-3120581897
丹徒,119.5131952,32.119296,node-8218329634
丹水池,114.3397365,30.6584469,node-7199220808
丹江口,111.3822945,32.4597963,node-7713231787
丹阳,119.5885239,32.0039885,node-267224937
丹阳北,119.6662181,32.0168009,node-2830170172
丹霞山,113.7999644,24.9577249,node-2531818014
丽水,119.94946,28.4449024,node-7702364120
丽江,100.2512118,26.8143271,node-1530613773
乃托,102.6020781,28.7402071,node-2092190162
乃林,119.2676639,41.908505,node-1722042118
么荒,122.2452217,42.0729858,node-9171411683
义乌,120.0387041,29.3808375,node-1579354026
义井,114.1461897,36.5016548,node-9258877062
义县,121.2223606,41.5199026,node-2336082835
义县西,121.2040472,41.5346074,node-9506868283
义马,111.9060128,34.7223642,node-3006173671
乌丹,118.978031,42.9321252,node-7871710227
乌伊岭,129.4252563,48.5898095,node-9129186228
乌兰,98.4665564,36.9536579,node-7296208322
乌兰哈达,113.18193,41.63204,node-843202343
乌兰察布,113.1523899,40.963263,node-4283506941
乌兰木伦,110.1937262,39.3040165,node-1335718570
乌兰木图,121.2867853,41.9623801,node-4507866465
乌兰浩特,122.0565391,46.0687386,node-9125461495
乌兰胡同,109.862439,41.6091374,node-9111251385
乌兰花,113.0940637,41.9988661,node-9117619573
乌兰陶勒盖,109.181162,38.7047025,node-3157943265
乌北,87.4667318,43.8761096,node-2805869476
乌固诺尔,119.3198711,49.1520115,node-1723657614
乌图美仁,93.1925905,36.8955471,node-7319313629
乌奴耳,121.240884,48.8717257,node-1595854639
乌审旗,108.8711949,38.5444838,node-3157941149
乌尔旗汗,121.3786291,49.5637138,node-4954697537
乌山,112.7451539,28.3092217,node-7266064581
乌拉山,108.7729096,40.6556998,node-9118904621
乌拉山西,108.6452003,40.7116117,node-9118904620
乌拉特前旗,108.6105007,40.7338426,node-10913546185
乌斯土,122.6860535,43.7137608,node-12627525335
乌日图,116.0277645,43.0633563,node-9072960154
乌日根塔拉,112.7971202,43.2698138,node-9072960150
乌江寨,106.836325,27.4496034,node-3695320136
乌海,106.7940432,39.7114097,node-10913546173
乌海东,106.800999,39.6688821,node-9098127459
乌海北,106.7748517,39.7998446,node-9118892116
乌海南,106.7624249,39.4395229,node-10908472712
乌海西,106.7338997,39.4545984,node-9098127466
乌苏,84.715911,44.4078672,node-6419224897
乌西,87.4179224,43.8680421,node-2805929239
乌鲁布铁,124.3671841,49.8871678,node-6310901953
乌鲁木齐,87.5262049,43.8394124,node-2987146433
乌鲁木齐南,87.5832322,43.7790904,node-269838523
乌龙泉东,114.3569811,30.2080241,node-8399430834
乌龙泉南,114.3399597,30.2591179,node-12732838005
乐东,108.9350242,18.4471603,node-3926612094
乐化,115.8675392,28.818522,node-2341431066
乐同,113.1698218,23.4261529,node-9198249304
乐善村,103.149413,25.026426,node-1569661826
乐山,103.7096769,29.6045812,node-3740929566
乐平北,117.0377785,29.1608001,node-11237974728
乐平市,117.1090057,28.9690453,node-3501736671
乐昌,113.3518817,25.1319249,node-8308266741
乐昌东,113.3906972,25.116242,node-1126427517
乐武,102.6239524,28.3039478,node-2092189993
乐清,120.8555424,28.0877033,node-7714110151
乐清东,120.9874964,28.2002762,node-7714110152
乐素河,106.0466534,33.1933751,node-2324653287
乐跃,102.3197355,27.2943754,node-1558444941
乐都,102.4326011,36.4769135,node-1674452372
乔庄东,116.6900837,39.8941094,node-9875307791
九三,125.2486603,48.8799271,node-9129186266
九华山,118.8007151,32.0594559,node-9164951627
九台,125.831614,44.147243,node-2332707895
九台南,125.8045812,44.0202644,node-6538449301
九江,116.001671,29.7066051,node-2988920235
九江西,115.8902106,29.6442839,node-2450075261
九营,131.9452451,46.9179452,node-2329566271
九郎山,113.0718362,27.9218717,node-8480158171
九里,103.5424893,29.4835061,node-1588514402
九里垄,115.832597,29.6303975,node-2509918452
九龙坡,106.3530988,29.3949226,node-8997696992
九龙塘,106.8417436,28.362325,node-8681173547
乳山,121.5019606,36.9967243,node-1277317542
乳山南,121.552727,36.8758132,node-11402000342
乾县,108.2739615,34.5071267,node-3003935031
乾安,123.874159,45.097796,node-1732027894
了墩,92.2191776,43.1426397,node-1202941672
二井,126.5229716,48.3559596,node-2344111803
二塘,110.1917016,25.2273679,node-4419760316
二营,106.2440467,36.1842275,node-1783909009
二连,111.9811223,43.6551908,node-277606205
二道岩,105.16088,26.36384,node-2341864260
二道桥,103.8663676,27.4841095,node-8323936153
二道沙河,109.9932779,40.6261756,node-7851736024
二道沟,113.8368399,41.8495752,node-843276738
二道沟门,117.1440358,40.8843986,node-3956215975
二道河,127.6239126,43.6042754,node-1590471989
二道湾,124.5407793,47.9591437,node-1727802988
二龙,119.2702823,41.6969868,node-1722042117
二龙屯,120.2624765,45.7190591,node-9121569875
二龙山屯,126.6351945,48.4876146,node-2344111807
于田,81.6459232,36.8117047,node-8200737578
于都,115.4114865,25.978581,node-1641971972
于都北,115.5941801,26.2624606,node-4019707812
云东海,112.8405188,23.2205097,node-5652318543
云南驿,100.7031313,25.3823176,node-8327589121
云县,100.1264683,24.4016727,node-7533067745
云居寺,115.7934901,39.6202628,node-1984411038
云山,114.4125411,23.1126949,node-3677430195
云彩岭,114.3569258,39.4476009,node-1984411035
云梦,113.73272,31.02395,node-1767965265
云梦东,113.7789363,31.0481301,node-8535898770
云浮东,112.1332222,23.0150181,node-5098263175
云田乡,104.7163535,35.1118389,node-3840302638
云端,119.8241266,45.5645216,node-1720394641
云阳,108.7200971,30.9999767,node-5575694409
云霄,117.3568609,23.893835,node-9258885992
云龙,121.5975493,29.7838312,node-13104019848
互做布其,104.6590179,41.148509,node-7473373518
五七,121.8591499,41.3407395,node-5385397988
五个圈,95.2098369,37.9272146,node-5010529880
五五,84.8164199,44.8581938,node-5015714710
五凤溪,104.4925907,30.6241711,node-8172947405
五十家子,118.1584095,42.0902695,node-1721802920
五华,115.6276444,24.0595027,node-9992012168
五原,108.0787289,40.9125716,node-10913546184
五叉沟,120.3125407,46.769263,node-2252852443
五合,108.5374364,22.8250027,node-11330533630
五大连池,126.6107667,48.6271429,node-2344111818
五女山,125.3213067,41.276799,node-3185538711
五家,126.3871143,45.5423002,node-8436994998
五寨,111.8273594,38.9165291,node-1698277432
五常,127.1364579,44.9197887,node-2503795727
五府山,118.0409789,28.2326117,node-2987230246
五桥,108.4726641,30.7771177,node-3499350275
五棵树,126.1537458,44.7989477,node-2332808261
五河,117.8443034,33.1247332,node-9694086104
五莲,119.201499,35.8055241,node-1605321370
五营,129.2299335,48.1095801,node-9129186229
五道木,122.39907,43.65066,node-2340355363
五道河,117.060716,40.8917043,node-3956214548
五龙背,124.269306,40.258618,node-2349438756
五龙背东,124.2815334,40.2630636,node-9179735854
井冈山,114.2925584,26.7310568,node-2488907822
井南,114.0105968,37.9918236,node-1668497958
井口,106.455201,29.6567,node-3500252727
井店,113.7152223,36.6049589,node-2328405920
井陉,114.1307946,38.0341984,node-1668497959
亚复,126.53203,44.06418,node-2332314843
亚布力,128.6088646,44.9265484,node-1603990283
亚布力南,128.4815832,44.7908031,node-2897002523
亚布力西,128.5805642,44.9081097,node-7074398341
亚沟,127.070039,45.4804553,node-6054225285
亚河,130.422929,45.3951063,node-1604972747
亚龙湾,109.5982924,18.3043516,node-7639835667
交城,112.1916431,37.5218277,node-3169909573
亦庄,116.5962891,39.8117636,node-9274358867
京山,113.1309724,31.0389194,node-2381028362
京山南,112.9728717,30.8267679,node-10275614607
亭亮,107.1843536,22.2195506,node-1577103545
亭林,121.3540551,30.8971291,node-7171384790
亮兵台,128.7778008,43.1921067,node-9178116403
亮甲店,121.9362581,39.212538,node-12335046085
亳州,115.7921916,33.8493274,node-8417601178
亳州南,115.7930907,33.796241,node-8930866816
什邡西,104.1178565,31.1235689,node-10574674379
什里店,113.9366706,36.6902868,node-2328405924
仁布,89.8125686,29.313505,node-2894968049
介休,111.9130844,37.0179736,node-5229679253
介休东,111.9821254,37.0527979,node-3012070492
从江,109.1102825,25.9121549,node-3676351216
仙人桥,127.2341036,42.1737335,node-2156363608
仙人洞,123.0132776,39.9453407,node-4615516888
仙居,120.6393781,28.8249459,node-11340624005
仙居南,120.7479591,28.8228813,node-8541577162
仙村,113.7062645,23.1750111,node-8383166682
仙林,118.9075747,32.1248804,node-7197704007
仙桃,113.5014471,30.3232467,node-9526280425
仙桃西,113.133989,30.4273102,node-3053775977
仙水,103.8340919,27.1664363,node-1964642719
仙游,118.8666649,25.2535131,node-3365981115
代县,112.97778,39.07609,node-1984410961
代湾,103.4586,29.31492,node-1588514327
以勒,105.1187718,27.5837318,node-10108687173
仪征,119.144641,32.316103,node-1666058770
仪陇,106.3102387,31.2621503,node-11067492050
仲恺,114.2618454,23.0294187,node-8722619828
任丘,116.1385352,38.6934313,node-2888280456
伊图塔,119.3160043,45.2930403,node-9069910632
伊图里河,121.5443272,50.6276552,node-1552037425
伊宁,81.2752649,43.966415,node-583119960
伊宁东,81.4999234,43.9539882,node-583127919
伊尔施,119.8405613,47.289865,node-9072960133
伊川,112.4832946,34.4170296,node-8158566842
伊拉哈,125.1598873,48.8198769,node-9129186267
伊敏,119.7816342,48.6489615,node-9125461471
伊敏索木,119.7143016,48.4618986,node-9125461472
伊春,128.9202698,47.7273253,node-6389123837
伊通,125.2804713,43.3687336,node-5514312184
会同,109.727823,26.885538,node-1614129010
会昌北,115.7806208,25.8298359,node-2837802223
伯官,123.710108,41.8790387,node-11768457613
低庄,110.710622,28.052671,node-1585780235
低窝铺,97.241798,40.142755,node-1600348016
何三家,120.9704237,41.0544974,node-1657245396
何刘,114.4910554,30.5308111,node-1235648681
何寨,109.3151974,34.4986889,node-3012148387
余姚,121.1569221,30.0568106,node-571882460
余姚北,121.1637121,30.1008272,node-7714110163
余家湾,114.2975662,30.5056988,node-8337379751
余干,116.6439183,28.7731864,node-13353368352
余江,116.8138801,28.218754,node-2445713991
余粮堡,121.9634134,43.437999,node-1720394638
佛坪,107.9793513,33.5018471,node-10120263956
佛山,113.0923132,23.0516585,node-6934042658
佛山西,113.028338,23.0820313,node-7706970417
佛岭,130.5690737,45.6245203,node-2329802054
佛肇,112.5692198,22.8693979,node-11610116803
佳木斯,130.3758882,46.801709,node-2185005492
佳木斯西,130.257432,46.7719102,node-4226682338
依兰,129.6000269,46.2771813,node-5697139268
依吞布拉克,90.1449895,38.3853837,node-7319259965
依安,125.2784315,47.8717836,node-9129186252
侯家坪,104.6452314,30.0765774,node-6207701358
侯马,111.3521077,35.613142,node-5425662246
侯马北,111.3646645,35.6461356,node-4076206413
侯马西,111.2820508,35.6016811,node-4766563924
保健,114.389685,42.0894654,node-843276810
保定,115.473167,38.8627726,node-8308266733
保定东,115.5957278,38.8634576,node-8401357514
保家楼,108.3031941,29.4277319,node-2662698099
保山,99.1771456,25.1566432,node-8341288522
保康,123.3203737,44.125773,node-2892566733
保康县,111.2213373,31.744993,node-5575694856
保德,111.0749698,38.9588675,node-4587890203
保田,104.7005468,25.3799611,node-13123179966
俞冲,104.6969558,29.2205106,node-8182151354
信丰,114.9024383,25.4003848,node-1359398411
信丰西,114.8954487,25.3534795,node-8345915095
信宜,110.9609272,22.3327248,node-5041838931
信阳,114.0773267,32.130793,node-6237929169
信阳东,114.1543869,32.1459152,node-2264149886
信阳北,114.0685675,32.1899573,node-3858082961
信阳西,113.92713,32.2312212,node-3858082968
修文,112.71389,37.60671,node-1668749977
修文县,106.7488999,26.854589,node-8211935366
修武,113.432754,35.243616,node-1577895139
修武西,113.4186098,35.2110874,node-3717101391
倭肯,130.5227063,46.0025337,node-2184985150
偃师,112.7900307,34.7298719,node-3006174635
偏岭,123.9717555,41.3861959,node-2349633643
偏岭镇,123.1486782,40.4755522,node-9169258506
偏店,113.74768,36.64614,node-2328405922
元坝,105.9679518,32.32201,node-8175881695
元宝山,119.2369629,42.2318464,node-1720956551
元氏,114.538345,37.7589663,node-2329407072
元江,102.0064557,23.7025746,node-8344240485
元田坝,106.836211,28.1939374,node-8308403239
元谋,101.8409365,25.7415024,node-7699201214
元谋西,101.8393217,25.7115205,node-5230023374
元龙,106.1756072,34.5358719,node-3026390650
先锋,120.9720285,32.0037341,node-5504439168
先锋营,101.7280018,26.3404486,node-9846723810
光山,114.9596643,31.9792679,node-2370491433
光明,124.6286369,48.2778508,node-1727803023
光明城,113.9499003,22.73558,node-7103617869
光泽,117.3465183,27.55372,node-1583788084
克一河,122.4868367,50.6502998,node-9126260259
克东,126.2043607,48.1585068,node-10219936787
克山,125.8438699,48.0135086,node-9129186250
克拉玛依,84.8931223,45.5271559,node-9094856520
免渡河,121.0529533,49.0910704,node-1595854626
兑镇,111.60423,37.0898,node-2328308912
兖州,116.8358661,35.5563381,node-8452913704
党家庄,116.8968714,36.5784272,node-5171146202
党武,106.6045816,26.4071551,node-7625151869
全州南,111.0365114,25.9560928,node-8154570904
全椒,118.277426,32.0623412,node-5427515088
八仙筒,121.05767,43.19953,node-844682657
八家子,129.1325112,42.6650761,node-9171411656
八斗岭,117.577529,32.1555272,node-9694086110
八方,124.7796081,48.4124617,node-1727802981
八方山,112.9287567,28.2341483,node-7072113720
八步,105.7834967,26.8344889,node-5408138793
八渡,105.7973896,24.7087686,node-5537379125
八盘峡,103.4127395,36.137515,node-3958138723
八苏木,112.8413939,40.9514161,node-1597596167
八角台,121.2442692,41.2859592,node-2662698081
八达岭,115.9953024,40.3588174,node-7805044408
八达岭长城,116.0050515,40.3603284,node-6472124842
八都,115.2589614,27.440172,node-2662698040
八里甸子,124.8875141,41.2350267,node-9174163133
八面城,124.0552662,43.2068928,node-2662698087
八面通,130.5349935,44.9247158,node-2662698088
公主岭,124.805036,43.5069841,node-5413859423
公主岭南,124.809726,43.470884,node-4111704869
公兴,103.967698,30.478375,node-1588514368
公庙子,108.9593527,40.6235805,node-9111268213
公积坂,110.3614456,40.5573046,node-8686094505
公营子,119.8499259,41.3627926,node-2336764044
六个鸡,107.7846451,26.5716743,node-4571484268
六合,118.8413248,32.3679416,node-1666058769
六合镇,124.6903097,48.3486098,node-9129186268
六安,116.4944637,31.7169969,node-5157242006
六枝,105.461331,26.2291193,node-2341864262
六枝南,105.434879,26.2309482,node-7704451132
六盘山,106.2880087,35.7069675,node-1783909024
六盘水,104.8501119,26.5940797,node-7704433025
六盘水东,105.0315768,26.5239928,node-7704451130
六盘水南,104.852019,26.5612908,node-4663087677
六道河,127.0715511,43.9318525,node-9178152017
六道河子,117.3088554,40.3944681,node-4018879802
兰岗,129.4043568,44.2652223,node-1604842617
兰岭,130.6980472,45.2946309,node-9137873812
兰州,103.8485056,36.034178,node-269826006
兰州东,103.890225,36.0301175,node-6568513151
兰州新区,103.6156605,36.469722,node-4088610999
兰州西,103.7492843,36.0675844,node-3481086575
兰店,123.0211901,39.768391,node-4615504837
兰棱,126.1831654,45.2194808,node-6357489709
兰溪,119.4750576,29.2161839,node-1979139432
兰溪东,119.498656,29.2339911,node-9302014474
兰考,114.813812,34.815541,node-1775221273
兰考南,114.8183029,34.7720247,node-3311834108
兰陵北,118.0065469,34.8967871,node-2417820308
共和,103.3154712,29.3022404,node-1588514366
共青城,115.7697513,29.245657,node-2447053249
关寨,105.22061,26.28737,node-2341864261
关岭,105.5249234,25.9682623,node-3328325801
关村坝,103.0219302,29.2888867,node-1588514386
关林,112.5074238,34.6353909,node-6752636232
关碾房,109.9712083,40.3057471,node-4071015341
兴业,109.9025268,22.7408919,node-1692209509
兴业南,109.8754943,22.7156303,node-11330665364
兴义,104.9845617,25.1688331,node-4353564606
兴义南,104.9543312,25.0836398,node-10724756176
兴凯,132.0671671,45.702086,node-9137873803
兴和,114.604029,42.153813,node-843276814
兴和北,113.8353054,40.8913252,node-4693191082
兴和西,113.8066179,40.8476468,node-4283508204
兴国,115.313695,26.3331296,node-1641971971
兴国西,115.2740332,26.3157495,node-2941992827
兴城,120.6961898,40.6227038,node-2609234203
兴城西,120.6106866,40.5908916,node-7949510450
兴宁,115.723968,24.104849,node-1619080445
兴宁南,115.7885009,24.105281,node-9992012167
兴安北,110.6630194,25.6765831,node-7830203476
兴安岭,121.6585092,48.8210926,node-1595854645
兴山,110.7455124,31.3276701,node-5575694842
兴平,108.4844158,34.2898616,node-9634216172
兴文,105.2439977,28.3383862,node-5822178037
兴文南,105.2687509,28.1621231,node-10108678013
兴无,124.6743991,46.2098236,node-1731938337
兴泉堡,104.0050453,37.1145335,node-2340696431
兴福,127.1141427,46.6896037,node-2154670879
兴莲,130.2904978,46.8780872,node-9137876519
兴隆县,117.5075971,40.4355217,node-4017761245
兴隆县西,117.4756319,40.4126792,node-4507823280
兴隆场,106.3831142,29.7025704,node-2616210383
兴隆山,125.4652175,43.9548628,node-2332707900
兴隆店,123.0507559,41.9781084,node-1655741348
兴隆河,125.1802343,42.2611087,node-9176129492
兴隆镇,127.1143364,46.4414025,node-2344167678
养马河,104.5036947,30.5083111,node-8172984763
内乡,111.8604008,33.0697653,node-1589822196
内江,105.0338639,29.5903653,node-1587112363
内江东,105.0527903,29.5632623,node-8437135034
内江北,105.0822061,29.6124023,node-8869763827
内江南,104.9874866,29.5427624,node-7555690994
内黄,114.8577529,35.6728219,node-9521570748
册亨,105.5720839,24.9175595,node-4349874037
冕宁,102.1927442,28.2892231,node-11180444686
冕山,102.3081756,28.3572788,node-2092190024
军粮城北,117.4211857,39.0657874,node-9274358865
农垦四团,106.5952143,40.7735716,node-5233987484
农安,125.1546966,44.4338368,node-1273441187
冠县,115.4388333,36.4994287,node-8444259398
冠朝,114.9859156,26.6759351,node-3182658839
冠豸山,116.7174411,25.743351,node-7780346102
冠豸山南,116.6748378,25.5270977,node-2838818230
冯家山,107.1833376,34.5275211,node-1545860364
冯屯,124.1228745,47.4622102,node-1728086189
冷坝,105.1701904,26.4292925,node-8212315728
冷水,109.8752958,32.8988743,node-3081853221
冷水江东,111.4615653,27.6612135,node-8204507930
准东,89.1102147,44.7355462,node-6308158125
准东北,89.156338,44.7895812,node-6308157532
准格尔,111.2361696,40.1255051,node-5166914644
凉水井,105.4915456,28.1249843,node-9165204571
凉红,102.8176636,29.0837105,node-2092190000
凉雾,108.8086804,30.2619167,node-3499334914
凌海,121.3569018,41.1792904,node-8226400767
凌海南,121.3706097,41.1508635,node-8156943652
凌源,119.3770589,41.2339402,node-2336764049
凌源东,119.409522,41.261455,node-2336082800
凤凰古城,109.5993906,28.0191733,node-10281624282
凤凰城,124.0522147,40.448566,node-3525595222
凤凰山,120.5738477,29.9663414,node-9697053471
凤凰机场,109.4048937,18.3104251,node-3926614045
凤县,106.5030134,33.9068608,node-2373342112
凤台南,116.6172776,32.6385666,node-4592125078
凤城东,124.1287279,40.462948,node-9179735855
凤州,106.650962,33.97154,node-1545968418
凤翔,107.2459701,34.4627646,node-1545860366
凤阁岭,106.4444112,34.5326775,node-3026390659
凤阳,117.6263425,32.9069515,node-8454361469
凭祥,106.739165,22.082796,node-1577103523
凭祥东,106.7893734,22.1063767,node-11278710052
凯北,132.4142899,45.7201693,node-9137873801
凯里,107.9717627,26.6064628,node-4460276303
凯里南,107.8837989,26.517651,node-2953809299
凯里西,107.6654373,26.5487133,node-8313638248
刀尔登,119.1159576,40.7476567,node-2514251053
分宜,114.6587983,27.8088894,node-1579621876
分路口,116.3190472,31.7458871,node-9229648667
刘召,108.0441057,40.9098553,node-840299212
刘家店,126.3019787,44.8007335,node-6436067243
刘家河,123.98067,40.67018,node-1660818526
刘府,117.3294193,32.8003993,node-8012738236
刘征,118.2050424,36.6974984,node-8093813875
刘沟,103.5061739,29.2888632,node-1588514426
刚察,100.097885,37.243944,node-1602495957
利国镇,108.8851676,18.4990551,node-12747885400
利川,108.9359725,30.2811807,node-2843985541
利津南,118.1690204,37.4064587,node-8069276053
利辛西,116.1228,33.2073823,node-8506186906
别山,117.4816011,39.9548053,node-8431451891
到保,123.1643579,45.5962637,node-1273440099
前卫,120.1291707,40.1736956,node-9179735861
前场,117.9730668,24.5728722,node-3694551474
前磨头,115.4860635,37.79479,node-2329491725
前苇塘,117.404483,40.3992601,node-4018879800
前进镇,133.1167891,47.5413829,node-2329566272
前锋,133.8783965,47.6155124,node-9129925021
剑门关,105.4810584,32.283669,node-9527263757
加劳,108.0053807,26.7348064,node-8311466865
加南,124.1575702,50.3343378,node-9129186262
加查,92.5678327,29.1435915,node-7329144913
加格达奇,124.1185836,50.4180875,node-9126260256
劲松,124.1809844,51.0656774,node-1252233943
勃利,130.5515451,45.7540423,node-2329802050
勉县,106.6881079,33.1730253,node-3024659063
勉西,106.6381431,33.1381394,node-13072237763
勐腊,101.5870139,21.4280616,node-5241062776
包头,109.830185,40.6040793,node-1691425745
包头东,110.0186724,40.5684798,node-843140591
包头北,109.740242,40.660937,node-840299765
包头西,109.7347591,40.6136922,node-9111251397
化城,102.8310306,24.7831262,node-4527901811
化处,105.61643,26.21252,node-1565858520
化州,110.6474814,21.6557754,node-5078329376
化德,114.0320635,41.8947338,node-843276763
化念,102.2311388,24.0465307,node-8344111740
化龙南,113.4377323,23.0393897,node-9720919816
北义井,112.83419,38.45803,node-1668749906
北井子,123.8970414,39.8969544,node-9166853508
北京,116.4210134,39.9011168,node-269996666
北京东,116.478656,39.901096,node-7907338281
北京丰台,116.2953417,39.8499954,node-124205138
北京北,116.3461866,39.9459061,node-8016534536
北京南,116.3723994,39.8634831,node-539260172
北京大兴,116.3222953,39.7191662,node-6817368518
北京朝阳,116.5024181,39.9433162,node-1824913462
北京西,116.3151027,39.8936695,node-7780210950
北京通州,116.7001463,39.9079706,node-6124474481
北仓,117.1457309,39.2416408,node-4128945015
北召店,112.757529,33.4746157,node-5023671113
北台,123.6383481,41.23087,node-2349438691
北塬,109.5088339,35.4139547,node-3698187688
北宅,120.530143,36.2138001,node-13627019970
北安,126.506639,48.2326987,node-5384795491
北屯,114.7640151,39.3568901,node-9512571941
北屯市,87.7565199,47.3229415,node-6308214105
北戴河,119.4137242,39.8495816,node-2349729507
北板桥,112.8898599,35.6479207,node-2322953958
北流,110.3174114,22.7327674,node-4858245585
北滘,113.2586145,22.9180045,node-7710011709
北滘西,113.172897,22.9551455,node-11932116429
北滩,104.8651534,37.0536951,node-9740539443
北牟,118.1061172,36.5103152,node-9246201050
北碚,106.4336391,29.8278983,node-6680634601
北票,120.7836055,41.7664385,node-4507849536
北舍,113.1571332,36.3216626,node-9259607263
北辰,117.2706945,39.271114,node-10296507042
北马圈子,117.5975884,40.5194263,node-4017761235
十三间房,91.7923854,43.1893228,node-9524436506
十八台,112.8118242,40.9035059,node-6282283239
十堰,110.7773236,32.6069527,node-1532826995
十堰东,110.8187666,32.7097953,node-7713231789
十渡,115.583388,39.6460483,node-3404875130
十里坪,128.8899501,42.4432618,node-9171411653
千岛湖,119.1868632,29.7377193,node-5907965300
千岛湖南,119.1962561,29.4852408,node-7203536183
千河,107.298691,34.392937,node-1545860369
千阳,107.1109552,34.6363569,node-1545860370
升昌,131.3649497,46.7245585,node-2330634149
午汲,114.148513,36.6518689,node-2328405926
半壁山,117.8871634,40.3713131,node-3970036216
半截河,130.3081185,46.9459936,node-9129186226
华亭,106.7304263,35.1856501,node-3640219997
华城,115.6204491,24.0738452,node-1619080437
华安,117.5336511,24.989577,node-11835248960
华家,125.1404749,44.2882195,node-1273440681
华容,114.7374183,30.5207418,node-3387438193
华容东,114.7814544,30.5342617,node-4714756571
华容南,114.7692539,30.4491052,node-3097129502
华山,120.0754274,35.9083656,node-11837818283
华山北,110.0930339,34.5832012,node-5315070687
华州,109.7573475,34.4967065,node-2940419851
华蓥,106.7771102,30.3660222,node-4999256344
协荣,90.9155224,29.3918792,node-2894949391
卓资东,112.6122464,40.9228337,node-4693191075
卓资山,112.5553498,40.9008835,node-1597596288
南丰,116.5973746,27.2894082,node-2501345649
南丹,107.5543767,24.9789515,node-1566833365
南乐,115.4072218,36.0122649,node-10650882517
南京,118.7922396,32.0891245,node-267225237
南京南,118.7930516,31.970797,node-2483530943
南京西,118.7371116,32.0974705,node-9218083763
南仇,118.2492413,36.7475663,node-8093813876
南仓,117.1720259,39.2024881,node-269618532
南充,106.08114,30.8102592,node-1916163102
南充东,106.1672573,30.8468549,node-1916163128
南充北,106.0659281,30.8600344,node-3500325327
南充南,106.04953,30.5812085,node-8163532928
南充西,106.010495,30.8066821,node-8154613413
南关岭,121.5838455,39.0172001,node-8344439333
南华,101.2594428,25.1895356,node-5845757092
南华北,101.2795435,25.2100593,node-3159071367
南博山,117.9531361,36.3546293,node-9246201048
南口,116.123183,40.2380421,node-7798847270
南召,112.7350467,33.4413937,node-1577895099
南台,123.914,41.8577756,node-10917569598
南城,116.6110578,27.5671304,node-2501336698
南城司,115.2561167,39.5480888,node-1984410984
南堡北,118.1993213,39.2765878,node-7783459219
南塘镇,115.2557972,26.0970036,node-3182651407
南大庙,117.0612318,40.7656492,node-3956103730
南头,113.3034906,22.715776,node-7710011712
南宁,108.3108101,22.83016,node-7775776484
南宁东,108.4099277,22.8447744,node-7691075908
南宁北,108.2330668,23.158985,node-8813693941
南宁西,107.9711032,22.8912035,node-4039439552
南安北,118.3572064,25.0336026,node-7781469266
南定,118.0291983,36.7423979,node-8463034285
南宫东,115.6897724,37.1691579,node-2351141705
南尔岗,102.7247611,28.9417257,node-2092190042
南屯,84.1455102,37.7403643,node-8204092217
南山北,109.2056271,18.3193119,node-5683003449
南岔,129.2728449,47.1310277,node-9129186240
南峧,113.5582582,36.5737298,node-8398757715
南峪,113.9293739,37.9876653,node-1668749963
南川,107.1019225,29.1471135,node-2716403721
南川北,107.1145337,29.187095,node-10561477666
南平市,118.0884673,27.4758755,node-7726031896
南张村,114.0651413,37.9960907,node-8405220118
南彭,106.5972368,29.362757,node-10313432165
南昌,115.9148247,28.6652855,node-1575144250
南昌东,116.0161548,28.617241,node-7213210230
南昌北,115.8604297,28.7439495,node-2370492050
南昌南,115.9453873,28.5035174,node-1575144244
南昌西,115.7877114,28.6257294,node-2266601966
南曹,113.7845091,34.6794401,node-3717120378
南朗,113.5282463,22.4891049,node-7710011718
南木,122.3602269,48.1767027,node-1595854628
南杂木,124.40162,41.962719,node-2327511892
南桥,119.9307867,40.7118689,node-1657973530
南永宁,110.0527529,35.2792101,node-2958261850
南江,106.9693101,26.8974601,node-3740824337
南江口,111.7830157,23.121775,node-4346644640
南沙北,113.4852438,22.8687149,node-8385846445
南沟,128.6726475,43.2414357,node-9178116409
南河川,105.762542,34.6244608,node-3840292052
南涧,100.3055361,25.0184971,node-8342166807
南湖东,119.9424769,30.2626489,node-12463934507
南湾子,117.8234265,40.7332072,node-4017721400
南溪,115.5943485,31.5432878,node-11710655089
南溪北,104.8832857,28.9732083,node-5174810878
南漳,111.8612768,31.8033176,node-5575694871
南白镇,106.8468231,27.5241846,node-9334658552
南票,120.7327595,41.118657,node-1657369364
南翔北,121.3048205,31.2834953,node-9242148031
南芬,123.741649,41.099577,node-2349438741
南芬北,123.7389573,41.1346255,node-4622152185
南观村,115.9879111,39.766652,node-2577030414
南通,120.8558408,32.0702664,node-1665500370
南通西,120.7611247,32.103596,node-8061438171
南部,106.0090154,31.3733547,node-3500325328
南阳,120.4311145,30.2723902,node-9442274971
南阳东,112.6558781,32.9527068,node-5575699927
南阳寨,113.6109018,34.8154786,node-3717102991
南阳西,112.4341544,33.0027972,node-8025229797
南陈铺,112.9026656,35.7282745,node-8392744858
南陵,118.2927402,30.8381731,node-9521935585
南雄,114.3058872,25.1480341,node-2531823886
南靖,117.4438772,24.5816829,node-7252318602
博乐,82.1109259,44.9017497,node-7368834474
博乐东,82.6479095,44.931526,node-7368834476
博克图,121.9141347,48.7520635,node-2662698151
博兴,118.136495,37.136668,node-2339632251
博山,117.8582391,36.5039228,node-2061664087
博白,109.989447,22.2342429,node-7969766722
博罗,114.2035591,23.1436482,node-10271063788
博罗北,114.5572092,23.4803874,node-8270803358
博鳌,110.4828528,19.1380226,node-7639835668
卡伦,125.5496816,44.0203532,node-2332707896
卡路屯,129.5585132,44.5510107,node-8944268243
卢龙,118.9775188,39.9512723,node-2542325244
卧虎屯,123.55388,43.69644,node-2340355362
卧龙寺,107.2564962,34.3656226,node-3070095245
卫星,132.4858734,45.7203814,node-2186787956
卫辉,114.055472,35.4318574,node-8360877105
卫辉南,114.1326641,35.3905971,node-9521570747
即墨,120.2647147,36.3680979,node-7195969160
即墨北,120.3889533,36.4039625,node-3914198648
历城,117.2016493,36.6660053,node-10277066232
厉家寨,119.126038,35.2830092,node-9255881282
厉山,113.2540751,31.8919277,node-8544457342
厚街,113.6455825,22.9005046,node-7063140902
原平,112.721032,38.7189032,node-1984411031
原平西,112.6685366,38.7381167,node-4471055300
原林,121.3881015,49.8846615,node-9126260270
厦门,118.1110988,24.4703348,node-928056895
厦门北,118.0686353,24.6397375,node-6527623010
厦门高崎,118.1097863,24.5399891,node-2502478744
友好,87.5856957,43.8232355,node-4676361122
友谊水库,114.0276492,40.8598773,node-4692536681
双丰,127.7542735,46.9722455,node-2154670864
双凤驿,105.1403568,29.4466222,node-1892923753
双吉,126.4307311,43.962239,node-8123335452
双城堡,126.2864571,45.3942292,node-8424837468
双塔,96.3691459,40.6490717,node-7276774510
双子河,128.8342363,47.8294489,node-2154670865
双峰北,112.0078692,27.5616655,node-8735302380
双柳,132.0246975,46.4785135,node-9066263808
双桥,120.5849167,31.2879848,node-4625473980
双水,104.9377176,26.5524656,node-1964861301
双水镇,112.9515121,22.4283501,node-7114221876
双河市,82.4121824,44.9026465,node-7368834475
双河镇,126.1766634,43.4653608,node-1548856842
双泡子,122.163347,43.715225,node-1720394536
双洋,117.3684186,25.6220787,node-7237831724
双流,104.0239185,30.5525645,node-1588514496
双流机场,103.9548799,30.5720407,node-6594651893
双流西,103.9170384,30.5451818,node-9334658568
双湄村,102.2891629,24.9991346,node-4528311944
双溪,106.7382391,29.6522719,node-3500381164
双牌,111.6548252,26.0231402,node-8590127941
双石桥,105.8337442,29.4008412,node-8190097111
双福,106.3084048,29.4013642,node-9929915855
双羊店,121.2669785,41.1106828,node-1582507275
双蒙,109.1399064,24.9113371,node-12981824332
双辽,123.512869,43.4909734,node-2340355367
双阳,131.7351047,46.5201274,node-13506342947
双鸭山,131.1439262,46.6449687,node-7894350047
双鸭山西,131.0828242,46.7094351,node-9532243464
双龙,114.2726386,22.7316172,node-5214690114
双龙南,106.7846509,26.4841956,node-3740822501
双龙山,132.4896149,47.3071517,node-9129925024
双龙湖,128.4903753,45.8277975,node-5697139252
发耳,104.8025449,26.3153349,node-2323960863
叙永北,105.4096846,28.2222534,node-10107977688
叠溪,103.7390202,32.1228516,node-10574674382
口前,126.4910418,43.6635788,node-2332314841
古丈西,109.9323011,28.6240124,node-9544816609
古东,112.2245182,37.920433,node-4066214772
古交,112.1560094,37.9177295,node-4066214793
古冶,118.434488,39.7278751,node-7781338011
古北口,117.1352823,40.6905789,node-7805039069
古城,125.6736189,47.9592256,node-9129186251
古城东,115.8062196,33.5280606,node-8417601180
古城子,125.4621986,41.483003,node-8840528310
古城镇,130.28701,45.3525453,node-2936218355
古家沱,106.2083211,29.2234456,node-1586701877
古浪,102.9152846,37.4798474,node-3840278537
古浪北,102.9056418,37.5054725,node-11822437402
古源,124.3124258,50.9193436,node-1252233958
古田,118.6183441,26.4326548,node-7252546299
古田会址,116.7676145,25.187087,node-2927491272
古田北,118.6604235,26.4656187,node-9524540937
古砦,109.1029618,24.7434723,node-5026739169
古莲,122.3467783,52.9465796,node-1252171318
古营盘,113.1048249,40.9746405,node-4693008520
古路,106.6906624,29.8002164,node-10313458331
古镇,113.2007426,22.6008861,node-1732229867
句容,119.1666758,31.9225579,node-10951246228
句容西,118.9747075,31.8347241,node-1769095955
台前,115.8575473,35.9639973,node-1925101211
台安,122.4250813,41.4439388,node-8431451879
台安南,122.3781359,41.3557003,node-9167905924
台山,112.8103423,22.3021203,node-5485730430
台州,121.3672864,28.6561685,node-5154991268
台州西,121.286474,28.6891529,node-7714110156
台阁牧,111.4742655,40.7456543,node-4259953297
史口,118.3844273,37.4080547,node-8244544275
史家铺,106.7881355,34.9575736,node-1783909047
叶城,77.4708223,37.8930846,node-7365811218
叶柏寿,119.6372932,41.3898978,node-1722042132
叶榭,121.3249853,30.9421696,node-7171384792
叶茂,108.5428022,24.5279597,node-8857333057
叶集,115.9321159,31.8361727,node-4861918438
司家岭,117.4621055,36.2324668,node-2371591472
合川,106.274572,29.9615713,node-7212001156
合浦,109.1831002,21.6246463,node-7692389334
合肥,117.3118857,31.8878658,node-6234423783
合肥北城,117.2466999,32.0653535,node-6233986121
合肥南,117.2848751,31.8002988,node-7197518162
合肥西,117.228256,31.8739081,node-8080534350
合阳,110.0853389,35.1956148,node-2958264469
合阳北,110.0859059,35.2892238,node-9292699684
吉兰泰,105.7568702,39.7313395,node-9098127465
吉安,115.0160792,27.1085662,node-2314081738
吉安南,114.9614035,27.0232907,node-2488909028
吉安西,114.9283904,27.1394697,node-2941788642
吉文,123.2026671,50.5877997,node-6305217536
吉新河,122.861229,47.5781991,node-1595854618
吉林,126.5714519,43.8563018,node-7923463054
吉水,115.1282611,27.1802392,node-2314081741
吉水西,115.0856591,27.2813836,node-2941775894
吉舒,126.7967631,44.2860577,node-3290227424
吉首,109.730501,28.32736,node-1613271746
吉首东,109.7227893,28.2191531,node-9544816610
同心,105.92264,36.9938779,node-840034002
同江,132.4997462,47.6264966,node-3038816725
同田湾,109.9107134,27.6290661,node-7245028945
名山,103.1879936,30.0598933,node-7715301467
后吕村,116.1649946,39.8302887,node-4708350145
后寨,113.003183,35.2828034,node-1577895019
后湖,114.2685333,30.6398759,node-9317600736
后马庄,117.3234781,34.2252339,node-8081330370
吐列毛杜,120.8826413,45.5360747,node-1720394581
吐哈,90.5299121,43.0591613,node-3688882534
吐鲁番,88.8723047,43.1499316,node-3590285440
吐鲁番北,89.1079716,43.0213639,node-2987139656
向塘,115.9565057,28.4462457,node-1575144251
向塘西,115.9495892,28.4017062,node-2279169019
向阳,130.0808024,45.1877526,node-9497085064
向阳川,132.3280856,47.3055708,node-2330634150
向阳镇,108.4658456,32.5044954,node-3085853060
向韶,112.6468188,27.7889679,node-4982401686
吕梁,111.1311369,37.5673957,node-4948920661
吕河,109.307078,32.7568425,node-3020201803
含山南,118.0863869,31.4799801,node-9242148035
启东,121.6407859,31.8588879,node-7723050258
吴圩,108.2435748,22.6462814,node-7692210515
吴圩机场,108.1832873,22.6026457,node-10241499928
吴场,103.6549483,29.8778522,node-1588584188
吴堡,110.6608453,37.4808728,node-3508395507
吴官田,103.5298478,25.4871926,node-1759329327
吴家屯,123.4387672,41.6231261,node-9176129510
吴家川,104.5316523,36.6568847,node-1782991881
吴川,110.7652507,21.5119087,node-8513056250
吴忠,106.245529,37.9755129,node-5649169436
吴桥,120.2812706,31.5957516,node-8049327219
周口,114.6597877,33.5789075,node-9023014147
周口东,114.7407189,33.6468018,node-9350376210
周士庄,113.4659133,40.1158931,node-3954505582
周宁,119.3747953,26.9388435,node-7935693257
周家,126.6669363,45.4597655,node-2333085953
周水子,121.5609033,38.9564935,node-1659133908
周铁岗,114.9558807,31.0449345,node-5488627422
呼兰,126.6408038,45.9967354,node-2168572656
呼和浩特,111.6587169,40.8304267,node-843121428
呼和浩特东,111.7582244,40.8497206,node-1670013561
呼和温都尔,106.8374013,40.9271571,node-5233988680
呼鲁斯太,106.2350678,39.2402182,node-9299765144
和乐,110.4538305,18.9250368,node-3923176483
和什托洛盖,86.2723517,46.4076121,node-7368677848
和平,114.964419,24.4605355,node-2274076590
和平北,114.9549294,24.4754863,node-12741513019
和村,114.123252,36.556552,node-2328405919
和田,79.9047627,37.159611,node-9085688393
和硕,86.8741134,42.3022617,node-7365692468
和静,86.3694834,42.3097475,node-5009777021
和顺县,113.5605025,37.314326,node-7747896002
和龙,128.9891186,42.5532324,node-7572569683
咸丰,109.0551424,29.5984427,node-4940608663
咸塘,112.7389848,26.9627711,node-4246064710
咸宁,114.2835,29.8822578,node-8308266738
咸宁东,114.3394268,29.868923,node-7733587986
咸宁北,114.2958462,29.901612,node-8396912405
咸宁南,114.3003014,29.8396225,node-7733587985
咸阳,108.7301155,34.3456993,node-1532510499
咸阳北,108.6696714,34.4202925,node-7967048506
咸阳西,108.6626848,34.3322614,node-2726644052
品甸,104.8086064,25.2735239,node-8321133430
哈业胡同,109.4366748,40.6247974,node-840299579
哈克,120.0701751,49.1909343,node-1723657613
哈力图,125.1729779,49.3855298,node-1252233940
哈密,93.5046494,42.8484396,node-7276635778
哈密东,93.5901529,42.7386167,node-7473462472
哈尔巴岭,128.6277389,43.2652509,node-7160979269
哈尔滨,126.6254465,45.7600422,node-334358067
哈尔滨东,126.7056057,45.7865776,node-678564923
哈尔滨北,126.5295861,45.8480841,node-3701366547
哈尔滨西,126.5723242,45.7051442,node-2155516551
哈尔盖,100.4160991,37.1825882,node-1602495967
哈拉海,125.0819349,44.6725799,node-1273440529
哈拉苏,122.4221238,48.1142305,node-1595854614
哈日努拉,120.0561269,45.620199,node-1720394438
哈福,124.53055,43.09314,node-2327447488
哈达,126.6130206,45.6806928,node-2538010645
哈达湾,126.5310578,43.8988153,node-6542797320
哈达铺,104.2318895,34.2220314,node-13058397777
哈达阳,125.2099088,49.3001653,node-1252233954
响水县,119.6825817,34.1932521,node-4050159916
响沙湾,109.9233887,40.160044,node-3045649824
哲里木,122.1949866,43.6310841,node-9123967440
唐官屯,116.9251311,38.7110384,node-1668282557
唐家,122.248957,41.6787027,node-1655741336
唐家沱,106.6557311,29.6083188,node-9794385154
唐家湾,113.5463592,22.3659329,node-7710011716
唐山,118.1116984,39.6242388,node-7783472725
唐山北,118.1128295,39.8154186,node-7773645865
唐山南,118.190287,39.6108078,node-7781338012
唐山西,118.0170976,39.6951226,node-6124511976
唐河,112.8453036,32.6690805,node-2326869288
唐海,118.4018442,39.3000813,node-9509616912
唐海南,118.426204,39.2373681,node-7783459220
商丘,115.6518561,34.4460585,node-1775221285
商丘东,115.7270385,34.3324893,node-8478942598
商丘南,115.6991173,34.4096666,node-1775221284
商南,110.8960719,33.5281491,node-3561932072
商城,115.4367,31.95554,node-2467424392
商河北,117.0933612,37.4363824,node-7164830501
商洛,110.013206,33.8235118,node-4593464427
商洛北,109.9461518,33.8698437,node-2940517365
商洛西,109.8568562,33.8679437,node-10861970067
商都,113.5508124,41.578493,node-843276742
商酒务,112.9806175,33.9543581,node-4976690857
喀什,76.0461111,39.4920879,node-4440740116
喀喇其,122.0493207,50.7001,node-1726229865
喀左,119.8000824,41.2221768,node-9179735874
喇嘛山,122.255669,48.3842633,node-1595854620
喇嘛甸,124.7734561,46.7059544,node-9157555170
喜德,102.3979685,28.3128312,node-2092190129
喜德西,102.2755814,28.3575895,node-8166750686
嘉兴,98.3076792,39.8127144,node-9076173194
嘉兴南,120.795528,30.6932899,node-7160140842
嘉善,120.9142311,30.8524303,node-9660857768
嘉善南,120.9315348,30.7904492,node-7160140843
嘉峪关,98.2539405,39.7638408,node-273171648
嘉峪关南,98.3092476,39.7167075,node-2987127367
嘉峰,112.5172898,35.5870526,node-2971083433
嘉祥,116.3529014,35.3927326,node-808126207
嘉祥北,116.3636526,35.4713899,node-9354508779
嘎什吐,120.708349,42.908018,node-1720956478
嘎什甸子,121.35163,43.30892,node-1720956465
嘎拉德斯汰,117.6992278,43.4350225,node-12307568124
四会,112.7493259,23.2731227,node-5652369262
四分滩,107.7057069,40.8688764,node-9118904619
四合,120.4787922,42.7160025,node-1720956530
四合永,117.8218675,41.7992994,node-9506868287
四团,121.7492062,30.8927054,node-7161803592
四平,124.3670197,43.1655327,node-2340355361
四平东,124.4328958,43.1358406,node-2155516446
四方,120.3419341,36.1054276,node-1608118434
四方台,131.313839,46.5932023,node-13506321530
四棵树,84.3152111,44.4068457,node-3943039213
四道湾,119.63528,42.48246,node-2348136437
四马架,130.6189308,46.7732523,node-9129925034
团山,125.966776,44.9083253,node-4162472432
团林,126.1154264,42.7115172,node-9171411648
团瓢庄,117.9627754,40.0806935,node-3969960737
团结,124.6102513,48.101842,node-1727803113
团结村,108.9794526,34.3415137,node-12199280333
团风,114.8932998,30.7506146,node-5488619687
园墩,102.9664481,37.7143514,node-2340595348
固原,106.3012795,36.0211895,node-10120263954
固始,115.6643578,31.9179498,node-11334686620
固安,116.31758,39.42396,node-2351141702
固安东,116.3983163,39.3710592,node-6819545357
固川,106.9657981,34.4104269,node-3026390663
固镇,117.3007662,33.3184462,node-2493727321
图们,129.8334987,42.9625693,node-9171411667
图们北,129.7927781,42.9944927,node-6650863285
图克,109.4932249,39.0534983,node-3157943286
图克木庙,105.6917254,40.7153291,node-7473373521
图呼木,112.5261594,42.9481622,node-12744888104
图强,122.7852592,52.9302049,node-1252171115
图木舒克,78.9898105,39.8933577,node-6332834576
图里河,121.6676247,50.4823267,node-1552037416
圃田西,113.7874252,34.7430028,node-8241889184
土们岭,126.0431327,44.102789,node-2375124727
土地堂东,114.3326512,30.2148647,node-5952244473
土坎,107.6767302,29.3831118,node-1681825153
土桥子,106.0237613,36.7967558,node-1783909049
土溪,107.0570814,31.0175261,node-4999085917
土牧尔台,113.1377112,41.8489001,node-843202341
土贵乌拉,113.198549,40.7843112,node-1694262037
土门子,103.075529,37.6569137,node-2340595345
圣浪,128.5060545,46.9985398,node-2154670861
地窝铺,87.5040758,43.8939765,node-7368621234
坂尾,117.1904969,25.2730434,node-2662698093
坂田,114.0650979,22.6299949,node-9327070285
坝梁,109.76544,41.08947,node-2662698083
坡底下,103.5128171,36.1373006,node-4223371569
坡底村,109.819,35.09291,node-1607295756
坦途,123.3335558,46.1862147,node-2343318815
坪上,119.0665556,35.1815582,node-8448819908
坪头,106.8947452,34.4027654,node-3026390662
坪石,113.0482752,25.2873973,node-1687160578
垫江,107.3737305,30.3097234,node-3500369575
垭口,101.9972042,26.7894291,node-1558445028
埃岱,102.7995032,29.0271702,node-2092189923
城固,107.3186051,33.1403047,node-1555369805
城固北,107.3014503,33.1859761,node-3826011096
城子坦,122.472888,39.4940844,node-7934242278
城子坦东,122.4953652,39.5015564,node-7934242277
城西,110.3276038,19.9980792,node-4730443125
城阳,120.359669,36.2993119,node-5582581360
基太,117.3463834,25.3382156,node-5864598409
堂邑,115.7633061,36.4960349,node-8444275806
堡子湾,113.2799244,40.3344398,node-8384182960
塔前,117.0964908,29.0461858,node-1675718467
塔哈,124.2254413,47.5502566,node-1728086228
塔城,82.9831159,46.6972686,node-7368810563
塔尔根,124.7144247,52.2409057,node-9129186259
塔尔气,121.1900092,47.9844865,node-2476481452
塔山,120.9295976,40.8184233,node-1657245438
塔崖驿,115.0005249,39.4281822,node-1984411005
塔拉哈尔,103.1683373,41.6564691,node-7473373515
塔河,124.6904718,52.3315198,node-9126260246
塔源,124.2815188,51.4497073,node-9129186261
塘口,110.3018712,21.3284564,node-8269111606
塘库,109.484092,25.6130914,node-7794861975
塘沽,117.6549423,39.0287019,node-11060854060
塘豹,109.6174944,26.2095698,node-8741000147
塘雅,119.8015618,29.1699672,node-13595801219
增城,113.7944172,23.2071153,node-11222481080
增城西,113.6460474,23.2533017,node-8939465341
墨冲,107.4696628,26.0476761,node-8307822362
墨江,101.739133,23.4370795,node-6924642420
墨池坝,104.6640868,30.2055677,node-8173041522
墨玉,79.7306237,37.2226185,node-7365811213
墩义堂,115.4998013,31.3312924,node-7199441365
壮志,124.8421424,46.6381757,node-1731938360
壶镇,120.2309551,28.8367105,node-8526666000
复盛,106.7981228,29.6579599,node-3500370030
夏坝,106.5070941,29.0759526,node-8190885462
夏官营,104.1768843,35.953084,node-1782660376
夏拉哈马,112.4039125,43.1578876,node-9117619569
夏格庄,120.4408975,36.65133,node-7721237366
夏石,106.90007,22.1214,node-1577103546
夏茂,117.6246479,26.5559817,node-2501360812
夏邑县,116.0247269,34.4116479,node-13629141471
夏集,112.1413087,32.7833145,node-8158566846
外洋,117.9923446,26.6033504,node-4498461027
多尔本毛道,105.7400061,40.5038415,node-4981006727
大东,126.7695934,42.0765296,node-9174163151
大丰,113.1497624,27.8826013,node-8480158185
大乌苏,124.528514,51.789298,node-9129186260
大仓,100.2651528,25.359631,node-8342141482
大余,114.4195692,25.4420384,node-2531799715
大保当,110.0324344,38.6621573,node-3156134249
大元,108.349399,22.4856306,node-1535265373
大关,120.1445459,30.3103298,node-9859432815
大兴,123.7442424,46.874633,node-1267537893
大兴机场,116.4106758,39.5124863,node-6818020471
大兴沟,129.65621,43.41007,node-1590460699
大兴镇,125.38255,42.74158,node-2327447486
大冶北,114.9953912,30.1248683,node-3097125157
大厂,118.7349949,32.2310899,node-3781713909
大厂县,116.9161932,39.951495,node-8410936838
大口屯,117.2581281,39.6035914,node-810112410
大口钦,126.57508,44.16143,node-2332314834
大同,113.2963381,40.1190975,node-620760655
大同东,113.3557571,40.1126004,node-1597596175
大同南,113.3581164,40.0435567,node-9287647750
大坝,105.9298995,38.0240585,node-9118904844
大埔,116.5729973,24.4124082,node-1620224250
大堡,124.2453889,40.5512412,node-2662698287
大头羊,95.4138994,37.7707317,node-5010533066
大孤山,123.579787,39.9342602,node-9166853509
大安,124.276354,45.4808364,node-7873323376
大安北,124.2323097,45.514651,node-1273440575
大安西,124.1485494,45.5294108,node-9171411686
大宗坪,109.0593187,27.3525413,node-7160251670
大官屯,123.864606,41.854615,node-2662698295
大屯,125.1559544,43.7765261,node-8436995007
大山铺,104.8466009,29.4161334,node-9334658580
大岗,116.1437046,28.1705845,node-2995662947
大岭,109.1159619,24.5486108,node-3907776774
大岭铺,109.2449657,32.920371,node-2975808868
大平房,120.1475812,41.4299085,node-2336082776
大庆,125.0052336,46.5960545,node-1731938259
大庆东,125.1160204,46.5306615,node-3701360573
大庆西,124.8795751,46.6552599,node-1731938313
大成,123.3394332,41.8282721,node-677180563
大战场,105.5428112,37.4217922,node-840034046
大扬气,124.1924253,51.0038041,node-1252233951
大拟,108.5154141,22.2999343,node-2661130699
大方,105.5919606,27.2104502,node-3740915229
大方南,105.5652995,27.1208647,node-5040321633
大旺,112.8071078,23.2563323,node-6169134982
大昆仑,117.9064713,36.585528,node-8462998257
大明湖,117.0219482,36.6811875,node-6211223929
大朗镇,113.9437471,22.9570397,node-6289527666
大木头沟,118.8816029,42.41034,node-9121997541
大杖子,118.5433553,40.8495983,node-2336082782
大杨树,124.6028857,49.7474251,node-9129186263
大杨树东,124.6536504,49.7102219,node-6308727638
大板,118.6333751,43.5229591,node-9119790820
大板东,118.7443864,43.6248655,node-5382207646
大林,122.80273,43.71353,node-2340355346
大柴旦,95.3391087,37.8835335,node-5010529588
大树村,101.8007272,25.4403415,node-9846723809
大树湾,109.9218112,40.492308,node-4071020922
大桥,128.3767822,43.3468585,node-9178116410
大梨树,126.0821485,43.3424943,node-9176129489
大武口,106.3876419,39.0269264,node-2757766467
大民屯,123.9557161,47.2543837,node-2343318805
大河坝,106.838208,28.3257746,node-3191192381
大河沿,88.7956396,43.1295336,node-2987140437
大洋,120.2845673,36.1930304,node-8253269144
大洋洲,115.46056,27.8947038,node-2314081729
大涧,120.1558768,36.2587942,node-8253269143
大深,117.6018938,25.2505776,node-1529879341
大港南,119.6727076,32.1352525,node-8169623407
大湖,117.3073591,34.2595177,node-8270403721
大源,113.3499583,23.2504281,node-12712336080
大滩,120.5784632,30.0261806,node-9697058312
大灰厂,116.1214406,39.8504828,node-7798816471
大牛地,109.4286383,38.940396,node-4035963398
大王滩,108.2798291,22.6139677,node-7692210516
大理,100.2485243,25.5919445,node-2215381943
大理东,100.3182895,25.5719913,node-553661156
大田,113.197841,23.2679015,node-7707072348
大田北,117.8414933,25.7068642,node-7781469275
大田边,104.7174174,25.2208268,node-520979589
大甸,120.6519963,40.5832369,node-9179735863
大盘石,115.0803441,39.4254449,node-9512571942
大石东,113.319092,23.0216158,node-12712336085
大石头,128.4948477,43.3029488,node-1590460695
大石头南,128.4507243,43.2981489,node-4038068157
大石寨,121.3771295,46.3103935,node-1730851514
大石桥,122.500751,40.643806,node-2349495346
大磴沟,106.3463876,39.193441,node-9299765145
大福,113.5723709,30.4475545,node-7199531262
大竹园,108.7225984,32.5625921,node-2325983508
大红旗,122.6084527,41.872016,node-2662698297
大罕,122.9453598,43.6922082,node-2662698296
大英,105.251409,30.577242,node-2375898322
大英东,105.2759642,30.5706611,node-3196466450
大苴,101.1100128,25.3378445,node-9186758543
大荔,109.920831,34.8356277,node-2876179002
大荔北,109.82251,34.8991,node-1607295743
大营,113.72618,39.28543,node-1984410963
大营镇,115.7299012,37.3174736,node-2351141701
大虎山,122.1432253,41.6113085,node-2340355345
大足,105.7391686,29.4322188,node-8190026294
大足南,105.7420242,29.4235956,node-9334658570
大辛庄,113.0939772,36.2429251,node-4079506642
大连,121.6277343,38.9216608,node-7913022526
大连北,121.6024008,39.0157452,node-8083924038
大连西,121.535911,39.009086,node-1659133902
大通西,101.6717642,36.9660009,node-2987111334
大邑,103.5331808,30.5630612,node-4585422027
大郑,122.8164745,39.6355042,node-12627525336
大阳,124.5895958,41.1895667,node-9174163134
大陆,130.27974,47.284618,node-9129186221
大陆号,113.27707,41.20504,node-843276724
大雁,120.5454079,49.2296273,node-9160197911
大雅河,125.1368603,41.1828425,node-4250072741
大青沟,122.1806616,42.8495104,node-6536662718
天义,119.3311992,41.5928524,node-1722042123
天台山,120.973815,29.1432514,node-8786286703
天回镇,104.0878035,30.7544261,node-3931850871
天岗,126.9490358,43.9021761,node-2408994545
天峻,99.1931064,37.1919499,node-3306292897
天府,104.1493878,30.3943739,node-10598617809
天府机场,104.4428034,30.3163166,node-10931476414
天柱山,116.5553257,30.6580684,node-9242148051
天桥岭,129.62609,43.58435,node-2333212320
天桥沟,124.7329706,40.9819189,node-9174163139
天水,105.8949248,34.5671032,node-770448206
天水南,105.8523245,34.5510165,node-3682237011
天河东,113.4039308,23.1318914,node-12736762600
天河机场,114.2117066,30.7725222,node-11128968035
天河潭,106.5780619,26.4527954,node-12466322285
天河街,114.2071513,30.8243911,node-3377717641
天津,117.2036841,39.1357517,node-273088049
天津北,117.2030494,39.1656713,node-270203072
天津南,117.0545009,39.0561008,node-10589687035
天津西,117.1571195,39.157355,node-4126740846
天涯,109.4430289,18.3123359,node-12747906903
天涯海角,109.334811,18.3077792,node-7140606345
天祝,103.1345228,36.9801528,node-840181646
天祝西,103.1130972,36.9986217,node-10941424948
天西,107.1755581,22.305313,node-1577103536
天镇,114.0605113,40.4514433,node-1597596254
天门,113.2070905,30.6990515,node-9933676260
天门北,113.3107151,30.8677259,node-2381028366
天门南,113.4503458,30.4303814,node-3053765017
天鹅湖,117.2221298,31.810273,node-3637176203
天龙,106.1710199,26.3679233,node-8317319473
太仓,121.1917434,31.5135736,node-7434948409
太仓南,121.1476314,31.4101421,node-9218083767
太公,105.8246387,32.1065172,node-3500351612
太原,112.5818317,37.8600375,node-273217367
太原东,112.579954,37.884526,node-1668497965
太原北,112.559852,37.9171866,node-843479829
太原南,112.6048147,37.7913265,node-1880719610
太和,113.3414188,23.3014239,node-6496315115
太和东,115.722101,33.1580193,node-7013047628
太和北,115.5731723,33.2239864,node-5237940872
太姥山,120.2197409,27.1298827,node-7714110145
太子城,115.4411336,40.912367,node-6405832271
太平岭,128.2065976,43.4176813,node-9178116411
太平川,123.1788067,44.397302,node-1267537503
太平桥,126.6813483,45.7925769,node-8948967845
太平镇,130.716827,46.7742539,node-9129925033
太湖,116.2947768,30.462122,node-1642992168
太湖南,116.3579323,30.4107789,node-8498511451
太白,118.5102323,31.5270239,node-9792508219
太要,110.3156526,34.5034878,node-2940237261
太谷,112.5636791,37.4212901,node-5157238246
太谷东,112.6205968,37.4524363,node-8208342114
太谷西,112.5030313,37.4475002,node-3012075980
太阳升,124.5796491,45.9370796,node-6356074761
太阳山,106.5636616,37.4512557,node-4071848331
太阳村,109.2664345,24.366966,node-8858769590
太阳沟,124.3152196,51.3248224,node-1252233977
头道桥,107.1398574,40.5885534,node-9118904618
头道水,100.069209,24.2823032,node-9182286759
头门港,121.6573419,28.7546339,node-10559351227
夹心子,122.4044643,39.4582143,node-1659252257
夹江,103.5752622,29.7538309,node-1588514418
夹河寨,117.0591572,34.2916903,node-9223324912
奇峰塔,115.2252648,39.4892964,node-1984410994
奈曼,120.6719124,42.8391106,node-844682153
奈林皋,120.0623476,41.3996606,node-4507841540
奉化,121.460225,29.6304914,node-7714110160
奉节,109.3685752,31.0283336,node-5575694417
奎屯,84.8981863,44.4029092,node-7368652199
奎山,130.4003046,45.2263473,node-9137873816
女儿河,121.0391219,41.0649356,node-1657245414
好鲁库,116.7974983,42.9901524,node-843276744
如东,121.17284,32.4485125,node-4503716497
如皋,120.601785,32.3858584,node-1665500371
如皋南,120.6230714,32.3473782,node-7561195837
始兴,114.0706364,24.9690478,node-2531823889
姑家堡,112.6126672,40.9179002,node-1597596197
姚千户屯,123.6129391,41.5301018,node-9176129509
姚安,101.0624951,25.3688153,node-1758381768
姚家,125.8713645,44.7755902,node-8436995001
姚家洲,113.7579608,27.6440976,node-2849708344
姚渡,105.4936838,32.8057943,node-3500351613
姜堰,120.1142884,32.5356088,node-7709478565
姜家,126.0925626,46.0085522,node-9137873794
威信,105.0560417,27.8232811,node-7635531004
威宁,123.81403,41.34468,node-2349633677
威岭,129.5529017,46.8630424,node-7901797430
威海,122.1385889,37.4259659,node-1565198993
威海北,122.0430167,37.4953271,node-4253918671
威海南海,121.9099381,37.0151064,node-12637924812
威箐,104.5549806,25.5410511,node-8320666176
威舍,104.7400475,25.2828249,node-520978380
威虎岭北,127.8372531,43.5588297,node-4038110655
威远,104.7342089,29.5511385,node-10931476417
娄山关,106.8964007,28.037235,node-6170790719
娄山关南,106.9250578,27.934499,node-3695336868
娄底,112.0003852,27.7430194,node-1571743515
娄底南,112.008465,27.6662573,node-2953769618
娄烦,111.8343867,38.074446,node-4067966875
娘娘庙,106.9383063,34.8060636,node-1783909028
娘子关,113.8740778,37.9617169,node-1668749965
婺源,117.8724329,29.2421028,node-2517241085
嫩江,125.2424829,49.1758575,node-1252233963
子洲,109.9476566,37.6106476,node-3122180958
子长,109.7425032,37.1525162,node-1606444071
孔垄,115.9235401,29.8887806,node-1642883465
孔家庄,114.7219861,40.7577974,node-4682791391
孔庄,112.9580891,35.3313939,node-9513113919
孔滩,104.6754985,29.1410966,node-5669251660
孙吴,127.3159057,49.4243879,node-9129186247
孙家,126.6776553,45.6935186,node-717572642
孙镇,109.7613383,34.97808,node-1607295762
孝南,111.8185843,37.1020462,node-2328374340
孝感,113.9241011,30.9578049,node-8014005486
孝感东,113.9424846,30.9357745,node-3377737086
孝感北,114.2159861,31.5881869,node-9263921398
孝西,111.7677429,37.1384134,node-2328374341
孟关,106.7350459,26.421664,node-3740822485
孟塬,110.1350056,34.5561587,node-787700715
孟家岗,130.6523868,46.4208263,node-2329802061
孟庄,113.8306318,34.5883032,node-3717120379
孟庙,116.9731707,35.3902667,node-9197168316
孟津,112.594816,34.797113,node-1577895095
孤家子,123.4822958,41.7325499,node-2349656758
孤山,113.3242527,40.2248794,node-1597350729
孤山口,115.8409688,39.6463081,node-1984410970
孤山子,119.8486602,42.6146274,node-1720956479
孤山川,110.8799903,39.0853561,node-3156029334
孤店子,126.36308,43.98188,node-2332707894
学庄,107.563279,25.6984219,node-5684911277
宁东,106.5422666,38.1459651,node-8039455367
宁东南,106.6506669,38.1079574,node-4071295750
宁乡,112.575602,28.2930903,node-1613124735
宁乡西,112.5307516,28.2995173,node-9521843730
宁化,119.288838,26.0660534,node-7076285139
宁县,107.9402554,35.4847941,node-8315153997
宁国南,118.9348965,30.6139328,node-11222071214
宁城,119.3135458,41.6132525,node-9179735870
宁安,129.4548606,44.3574776,node-4373913761
宁强,106.3175467,33.0633649,node-2372114887
宁强南,106.285072,32.8238331,node-3946003276
宁德,119.5793795,26.6729441,node-5614557340
宁明,107.059844,22.1611823,node-1577103520
宁明东,107.2005097,22.3100202,node-11278671526
宁村,108.3331221,22.5593987,node-1535265377
宁武,112.312801,39.005571,node-843479827
宁波,121.5326567,29.8646327,node-7714110161
宁波东,121.5809942,29.8508571,node-7686886385
宁洱,101.0629353,23.0510007,node-5242767722
宁海,121.4149413,29.3393268,node-7714110159
宁都,115.9701441,26.4032465,node-4019707140
宁陵县,115.312655,34.57538,node-1775221283
宇宙地,117.880408,43.5481476,node-843276700
安亭北,121.1537318,31.3163832,node-824530194
安亭西,121.1524548,31.3131188,node-7448000468
安仁,113.2512232,26.7723408,node-3360858459
安化,111.0952377,28.0377579,node-8669791118
安北,96.1881217,40.7917862,node-9524436515
安匠,117.723237,40.7625342,node-4507816735
安口南,106.763257,35.2001843,node-3640219996
安口窑,106.8043076,35.2362509,node-2369200350
安吉,119.6056045,30.8182852,node-9242148032
安图,128.9024116,43.1134497,node-1590460668
安图西,128.8880348,43.1109582,node-4038062746
安塘,111.701651,38.815171,node-1698277407
安多,91.6658261,32.2522791,node-7296275993
安定,116.4816523,39.617375,node-8455171488
安家,127.0602514,45.0512826,node-2333085936
安富镇,105.4469435,29.3430408,node-8189955806
安州,104.233844,31.4655837,node-10574674380
安平,123.4232517,41.1656709,node-2662698018
安广,123.784031,45.5670957,node-2662698013
安庆,117.0600515,30.5515037,node-7882515905
安庆沟,119.3239195,42.4039703,node-1720956432
安庆西,116.8592916,30.6751256,node-5968244721
安康,109.0123864,32.7146275,node-1575728431
安康东,109.0793411,32.7247828,node-3024721311
安德,103.8100498,30.8765324,node-7951474432
安次,116.6911604,39.2360911,node-9457049792
安江东,110.1574445,27.3438287,node-7263485693
安泽,112.2316861,36.1828672,node-4074623469
安溪东,118.2503139,25.0642205,node-7781469267
安达,125.3151766,46.4003229,node-2662698010
安阳,114.3343235,36.104595,node-6727504065
安阳东,114.4479583,36.0841487,node-8397056467
安陆,113.689821,31.258876,node-1589666687
安陆西,113.6470509,31.2567844,node-8535913689
安靖,104.0342789,30.7399186,node-8059008256
安顺,105.939606,26.232989,node-1565858517
安顺西,105.8723451,26.2021337,node-2874016753
安龙,105.2405342,25.0661807,node-5112419144
宋,125.63487,46.2199825,node-8664177567
宋城路,114.2785621,34.7857534,node-6708802185
完工,118.8903514,49.1847967,node-9160197908
宏克力,129.8516929,46.5153023,node-5697139275
宏庆,106.4232236,33.8444259,node-2373342119
官厅,115.5830732,40.2509416,node-9265808481
官厅西,115.5784518,40.2524176,node-9265808482
官家,124.1769936,40.4754278,node-1662255988
官桥北,113.439353,22.9847281,node-8901184328
官高,116.3076457,40.2250915,node-3822196746
定南,115.0000874,24.7778055,node-3182773625
定南南,115.0254012,24.7459848,node-8761012355
定州,114.9671026,38.5298375,node-7890361040
定州东,115.1248048,38.4638621,node-3915753122
定襄,112.9542155,38.4782825,node-4520679371
定西,104.6225925,35.5926863,node-3840316912
定西北,104.5834279,35.6068067,node-7276282771
定边,107.5723113,37.5609872,node-1948759714
定远,117.8369129,32.5774633,node-7104703253
定远东,117.8382064,32.5733556,node-11332232841
定陶,115.5902831,35.0656469,node-8419766780
宜兴,119.8086737,31.3142872,node-7260208795
宜君,109.1309317,35.411414,node-11124350882
宜城,112.192271,31.7192047,node-10669812179
宜城南,112.1782112,31.6319146,node-2381093541
宜宾,104.6306606,28.7308668,node-9878566698
宜宾东,104.7426311,28.8014946,node-10246926860
宜宾南,104.5416467,28.7075195,node-8182272020
宜宾西,104.6032423,28.7257904,node-9334658566
宜州,108.6232893,24.4816935,node-7775792086
宜昌,111.2932136,30.7042942,node-506077822
宜昌东,111.3648824,30.6604102,node-539460541
宜昌北,111.4696507,30.7470051,node-13431715511
宜春,114.4315383,27.7915494,node-2453762119
宜耐,103.5974473,24.8434987,node-8334187500
宜良北,103.1887569,24.9860028,node-1569661883
宝丰,113.0413612,33.8576215,node-9312908617
宝华山,119.0501576,32.1515717,node-8283601960
宝坻,117.2768641,39.6632222,node-6124512542
宝坻北,117.3292658,39.7142648,node-1582348722
宝坻南,117.3684221,39.5062152,node-10604527790
宝山,131.3964884,46.5670704,node-13506321554
宝峰,102.5833276,24.5941366,node-8730877394
宝应,119.3827917,33.2172373,node-8517786933
宝拉格,113.1404633,41.7012371,node-2662698102
宝日格,119.1089681,45.1602651,node-9069903384
宝木吐,118.7655138,43.6272371,node-2662698106
宝林,129.9700867,45.0264776,node-2662698104
宝泉岭,130.5142008,47.4275149,node-2662698107
宝清,132.1935151,46.3517158,node-5344371130
宝老山,108.0404309,26.8158718,node-2662698103
宝镜,123.3503723,41.2751698,node-9164484581
宝鸡,107.1481713,34.3742434,node-7728028162
宝鸡南,107.2278714,34.3356447,node-7276282773
宝龙山,122.7345157,44.0285486,node-9500070312
宣化,115.0508169,40.5963748,node-843052503
宣化北,115.0425337,40.6316144,node-4759822025
宣和,105.4370045,37.4783083,node-840033594
宣城,118.7693067,30.9496986,node-6240058953
宣威,104.117318,26.2112064,node-1569253486
宣汉,107.6540938,31.5446908,node-1586077503
容县,110.5271387,22.8621872,node-4858076963
容桂,113.3071457,22.7539701,node-1669426966
宽甸,124.7756932,40.7182779,node-1592559566
宾州,127.4533796,45.7729786,node-5697139255
宾西北,127.1433913,45.790068,node-5697139240
宾阳,109.0879476,23.2195315,node-4804713181
宿州,116.9897349,33.6409425,node-8449407604
宿州东,117.2458282,33.6772426,node-7733885003
宿松,116.0983896,30.2317842,node-1642883476
宿松东,116.1702976,30.1533371,node-8498528070
宿迁,118.2763099,33.8749775,node-8223644856
密云,116.8451275,40.3510081,node-6717674851
密云北,116.8565898,40.3957527,node-7805109679
密地,101.7406136,26.5842912,node-5232371905
密山,131.8668444,45.5491837,node-9137873806
密山西,131.8157034,45.5127908,node-9137873805
富县,109.3845483,36.0091186,node-2958549714
富县东,109.3927391,36.0212975,node-2958549715
富县北,109.4074384,36.043798,node-11124438533
富宁,105.5818028,23.6772685,node-4039923101
富川,111.356813,24.7950209,node-5072511977
富平,109.1692405,34.7446812,node-2758430367
富平南,109.2056855,34.7080971,node-12513878220
富庄子,117.9305975,39.8422315,node-8431451888
富拉尔基,123.640363,47.2090093,node-1595925150
富海,124.8572947,47.8647261,node-6339908047
富源,104.2675517,25.6847812,node-2323529356
富源北,104.2685524,25.716702,node-3328330803
富蕴,89.5035231,46.9340448,node-7365892527
富裕,124.4540951,47.7947978,node-1727803016
富锦,132.0391202,47.2346736,node-9129925025
富阳,119.9879972,30.0032822,node-5907956116
富阳西,119.8566248,30.048446,node-12693325019
富顺,105.0359494,29.2124083,node-9059413685
寒岭,123.5527433,41.1795246,node-2349438715
寒葱沟,134.1504713,47.9687967,node-2075745777
察尔汗,95.3042767,36.8093743,node-2662698175
察汗诺,98.8298053,37.0103568,node-4472531698
察素齐,111.1194302,40.7035669,node-1709764696
寨隆,109.0921276,24.6448961,node-8856779635
寮步,113.8463214,22.992013,node-6289527611
对青山,126.3384204,45.9287369,node-9137873796
寿县,116.800552,32.5950756,node-4592125064
寿阳,113.1837152,37.8815458,node-2318026357
封丘,114.4007767,35.2255182,node-2371670079
封浜,121.2925591,31.269456,node-9381740017
射阳,120.0144322,33.6837822,node-7856211589
将乐,117.4731311,26.6984102,node-2501355015
尉犁,86.3348713,41.3547077,node-7319330883
小东,122.323333,42.0294159,node-1655741338
小中甸,99.8134694,27.5624113,node-10599205245
小儿坪,104.2625422,28.500927,node-8323475049
小关溪,103.954483,27.9745577,node-8323680333
小南垭,106.4335154,29.2668781,node-9334658559
小南海,106.4312485,29.3596829,node-1587088565
小哨,102.9915545,25.168939,node-2001913825
小姑家,127.2534317,43.8863219,node-9178116413
小宋,113.0185913,36.1298603,node-3645328094
小寺沟,118.6390276,40.8983654,node-2336082833
小屯街,112.9275226,34.0532255,node-4976690855
小岭,127.3123569,45.3322419,node-333760355
小市,124.1171711,41.3087903,node-2349633693
小平房,119.7351949,41.3825693,node-2336082829
小得江,104.5591261,25.0344406,node-2324108332
小扬气,124.2793793,50.7938923,node-1725778036
小新街,103.2229613,25.3114814,node-1759329328
小林,113.7345963,32.2723385,node-5895931044
小柴旦,95.586326,37.5884619,node-4366580973
小梁庄,115.8200437,33.0012856,node-8278853416
小榄,113.2645825,22.6505591,node-7710011721
小榆树,124.4972191,47.8697343,node-1727803138
小池口,116.0038189,29.8147627,node-8417536128
小河沿,119.5411626,42.395873,node-2348136438
小河镇,109.151897,33.1143935,node-1585549999
小湾东,100.1441594,24.7137963,node-8342287688
小白,128.7074869,46.9679431,node-2154670877
小舟,117.7076342,25.2912281,node-8833940923
小花果,110.4264848,32.6932889,node-8597721377
小董,108.6018708,22.2251828,node-2661130711
小西庄,114.6232303,39.4008164,node-1984411015
小金口,114.4132051,23.1543456,node-9196767920
小雨谷,104.598037,25.4682894,node-2324108333
小高,102.2678198,27.3612027,node-1558445020
尔赛河,102.6388754,28.4036074,node-2092189947
尖山,131.1418478,46.6419819,node-13505962533
尖峰,108.7490097,18.6231537,node-3926611494
尖峰北,108.7168058,18.6885643,node-12747885399
尚家,125.8729116,46.1251156,node-9137873793
尚志,127.9555726,45.2063045,node-333757159
尚志南,127.9468262,45.1938285,node-4684549549
尤溪,118.1367573,26.1702184,node-2501327340
尼勒克,82.0457804,43.9659554,node-7368822657
尼日,102.8606303,29.2055277,node-4518496301
尼木,90.2819201,29.3309559,node-2894963051
尼波,102.6267375,28.344245,node-2092190048
屏南,119.1224859,26.9002092,node-7935693261
屏山,119.2922437,26.0993766,node-9157637255
屏边,103.6356904,23.0167783,node-3438638221
山丹,101.0736134,38.8125774,node-1650149193
山丹马场,101.2048807,38.0943227,node-3688836605
山南,91.7556747,29.2499495,node-9087403304
山口,94.1239661,42.131971,node-7369016949
山坡东,114.3545148,30.0886712,node-3700684521
山城镇,125.4265722,42.3763963,node-2327511895
山市,129.0938139,44.5769911,node-1603990245
山河屯,127.2047272,44.694571,node-2333085947
山海关,119.7619035,39.9985987,node-7809638499
山湾子,119.43585,42.35118,node-1720956511
山阳,109.9958863,33.5037075,node-10861970007
山阴,112.9339443,39.4658767,node-4471051508
山阴南,112.8320573,39.4916819,node-10297769455
岐山,107.6083301,34.2756763,node-2820611675
岑村,113.3768085,23.1613546,node-4742584040
岑溪,110.9435892,22.9063507,node-5625820075
岔江,104.6504453,25.0637322,node-2324108331
岔河,103.9165176,27.8853874,node-5033211505
岗嘎,94.3367477,29.3237066,node-7329138459
岚县,111.6382981,38.2507968,node-4067931193
岚山西,119.2708931,35.1875003,node-9549447314
岢岚,111.5749274,38.7179,node-1698277412
岩会,113.73502,37.87901,node-1668749979
岩山,121.2407606,49.7090809,node-9126260268
岫岩,123.2695936,40.2814522,node-4615517246
岭北,121.7549002,50.306001,node-9126260271
岭南,121.7795548,50.2092168,node-2331935776
岱岳,112.8191989,39.5167447,node-1697955555
岳池,106.4672936,30.539551,node-5149515712
岳阳,113.1140722,29.3793016,node-8308266739
岳阳东,113.2023195,29.3689598,node-581851038
岳阳南,113.1189366,29.1481608,node-12855205050
岷县,104.0675936,34.3934318,node-3500351614
峙滩,117.2937381,29.6050364,node-1675935530
峡江,115.3307748,27.6022715,node-2314081758
峦城,108.864523,22.8095274,node-11330540416
峨山,102.387954,24.1908503,node-7454666944
峨眉,103.5203162,29.5872914,node-1588514347
峨眉山,103.4646539,29.5785842,node-3740929616
峨边,103.2754163,29.2605635,node-3328325346
峨边南,103.2607126,29.2124477,node-5230065211
峰洞,107.5226125,25.5416938,node-7694882110
峰高铺,105.6704552,29.4303692,node-8190017002
峻德,130.2831586,47.194643,node-9129186223
崇仁,116.0537362,27.7771871,node-2449480731
崇信,106.8882747,35.3119559,node-1783909006
崇州,103.6803769,30.6127269,node-4585404860
崇左,107.35408,22.406414,node-1577103484
崇左南,107.3910844,22.3574907,node-7781698840
崇礼,115.3110046,41.0058806,node-8930800105
崔黄口,117.194612,39.519784,node-2662698280
崖州,109.1535157,18.3782225,node-3926611765
崖州湾,109.1808671,18.3552096,node-12495157623
崖州西,109.0806654,18.3768947,node-12747906901
嵊州北,120.8071922,29.7857546,node-9536779007
嵊州新昌,120.8161274,29.5290742,node-8786263678
嵩明,103.1356653,25.2425678,node-3328336259
嵯岗,118.0911965,49.2550299,node-2662698281
巍山,100.2931723,25.2324148,node-8342139015
巢北,117.799058,31.9723694,node-7197289096
巢湖,117.8853872,31.6167384,node-2662698219
巢湖东,117.9204547,31.620212,node-9242148036
工农湖,123.6205894,44.855463,node-1732027867
左岭,114.6157272,30.4908627,node-11127354070
左权,113.3949683,37.0684603,node-2380085355
巨亭,106.0839272,33.0565206,node-2324653272
巨宝,123.44419,44.69041,node-1732027878
巨野,116.0821538,35.3793316,node-808126461
巨野北,116.0689925,35.4470101,node-9354508780
巩义,112.9751225,34.7612112,node-2541047079
巩义南,112.9105621,34.6716859,node-742604118
巫山,109.9147774,31.1319375,node-5575694829
巴东,110.3764311,31.1636161,node-5575694835
巴中,106.761277,31.8764609,node-4357630358
巴中东,106.8700052,31.8423656,node-5166043347
巴中西,106.6522712,31.7661835,node-11067492048
巴南,106.7518423,29.39627,node-10561477589
巴图塔,110.0784491,39.4825433,node-3685511916
巴图营,120.7212938,41.4684212,node-8156943654
巴山,108.1120418,32.2543832,node-2662698113
巴彦淖尔,107.4047499,40.7335801,node-10913546181
巴彦郭勒,112.9753625,42.1899833,node-9117619572
巴彦高勒,109.4117528,38.7568652,node-9111251406
巴日图,119.4720974,47.8278,node-9125461476
巴林,122.3267963,48.3131298,node-1595854597
巴楚,78.5472465,39.8357408,node-9182286777
布列开,81.7923866,43.898523,node-583129128
布敦化,121.41742,44.95421,node-1720394364
布海,125.621925,44.3811555,node-2348271082
师宗,104.0172065,24.8287273,node-8334104641
带岭,129.0137195,47.0207715,node-9137876526
常山,118.5556738,28.9257657,node-6732058638
常州,119.9682006,31.7866804,node-8453216523
常州北,119.9507159,31.8561082,node-9262932759
常平,114.0003801,22.9871798,node-4502133906
常平东,114.0354609,22.9650597,node-6165855572
常平南,113.9979563,22.9752531,node-7101114420
常庄,117.8839029,36.3232845,node-9246201047
常德,111.689445,29.0746313,node-1613124729
常村,113.319484,36.4336487,node-8398804169
常熟,120.7761351,31.699229,node-4714979977
帽儿山,127.5147973,45.275074,node-1603990187
帽儿山西,127.4711788,45.2777289,node-9160197904
帽峰山,113.3649713,23.3136986,node-12387014249
干塘,104.5224858,37.454054,node-2340595334
平关,104.3453806,25.6545523,node-2323529386
平凉,106.7034084,35.5510393,node-10120263955
平凉南,106.822831,35.4840232,node-1783909030
平南南,110.4273766,23.4201473,node-4440864400
平原,116.4340766,37.1688769,node-8437848569
平原东,116.5763201,37.2173416,node-4039416860
平原堡,100.3489682,39.0788206,node-9524455327
平台,122.6545628,45.7167793,node-1730851583
平坊,117.2413531,40.8918752,node-3956215997
平坝,106.2976842,26.3903022,node-12714048670
平坝南,106.2534225,26.3872527,node-3328318453
平型关,113.97153,39.32573,node-1984410986
平安,127.1681643,44.5912313,node-3889846793
平安驿,102.1070559,36.5052033,node-3310590144
平定,113.6331372,37.7969222,node-8383045233
平山,127.3993078,45.319187,node-2337943710
平岗,124.869717,42.9737633,node-2327447494
平峪,115.5324681,39.6608133,node-3404875131
平川西,104.7265192,36.7601425,node-7609920784
平庄,119.2896205,41.9884522,node-9179735869
平庄北,119.2997848,42.0388005,node-1720956500
平庄南,119.251327,41.9772721,node-1722042122
平度,119.9730924,36.8067372,node-5485698345
平度西,119.8796406,36.7616887,node-3315761473
平房,126.6695162,45.5834093,node-2333085945
平旺,113.210721,40.0665404,node-9282598403
平昌,107.0721477,31.5547132,node-4899865064
平果,107.5612632,23.3187477,node-2666736648
平河口,103.9265066,25.6726658,node-1759329323
平泉,118.6942488,40.997672,node-2336082805
平泉北,118.7056641,41.037358,node-4507808013
平洋,123.5346709,46.5968863,node-2343318811
平湖,121.0481194,30.6604805,node-13124881865
平湖南,114.1318845,22.6610012,node-7703982669
平田,104.50385,25.83856,node-2323529390
平社,112.5896056,38.27662,node-3671675731
平等,106.022573,29.101719,node-1586701907
平罗,106.4610064,38.9598468,node-840179022
平遥,112.161594,37.2064926,node-2372888814
平遥古城,112.1434193,37.1547195,node-3012070515
平邑,117.6379913,35.5170296,node-9242869600
平阳,120.5408442,27.629223,node-7714110147
平顶山,113.2978767,33.72015,node-8041771715
平顶山西,113.0807253,33.8185196,node-5575699923
平顶庙,118.4528527,43.5877761,node-843276794
广元,105.8179671,32.4526584,node-1532826989
广元东,105.8313471,32.4401722,node-7715445609
广元南,105.794279,32.419566,node-7715445610
广南卫,102.8939913,24.9227226,node-1534144155
广南县,105.0495781,24.0366445,node-4039900173
广宁,112.4209761,23.5876168,node-3676379819
广宁寺,121.842678,39.177957,node-1659133903
广安,106.8926087,30.4968814,node-12732718440
广安南,106.5883698,30.4541201,node-9322545561
广安门,116.3382518,39.8802452,node-6817425178
广州,113.2522641,23.1526233,node-7855785186
广州东,113.3196207,23.1536521,node-7890691571
广州北,113.1984329,23.3794468,node-8308266744
广州南,113.2640375,22.9914143,node-3677030154
广州大学城,113.3584568,23.0412691,node-12712336084
广州新塘,113.6005178,23.1367538,node-8383166683
广州白云,113.2405097,23.194037,node-11458372313
广州莲花山,113.4868479,23.0052819,node-8901184329
广州长隆,113.3248275,22.9926925,node-8901184364
广平,114.9347698,36.4965814,node-7134468969
广德,119.4038773,30.9140581,node-9215831993
广德南,119.4125998,30.856995,node-9242148033
广德号,117.9309827,41.8757628,node-8428772257
广水,114.0311546,31.6337763,node-4441733026
广汉,104.2603839,30.9792851,node-1796732962
广汉北,104.2730698,31.0117011,node-3815021470
广通,101.7571782,25.1587466,node-1758381638
广通北,101.7634875,25.1672684,node-4528280671
广阳,116.6998726,39.5115603,node-7733885006
广顺场,105.5223404,29.3713831,node-8190000127
庄寨,115.1862692,35.0334147,node-9354508782
庄桥,121.531325,29.9261417,node-7714110162
庄河,122.9484151,39.7034011,node-12627525337
庄河北,122.9310267,39.7266758,node-7934261996
庄里,109.0671945,34.8234833,node-3001672843
庆丰,123.35604,44.60496,node-1732027898
庆元,118.9567393,27.6173525,node-7935632138
庆城,107.7849501,36.0772814,node-8914665863
庆安,127.496433,46.8859539,node-9137876529
庆阳,107.6235487,35.695005,node-8315110661
庐山,115.874339,29.5996356,node-1769587482
庐江,117.1716034,31.3431182,node-9242148053
庐江南,117.2915298,31.1253899,node-5058306764
庐江西,117.212452,31.2698065,node-7647440638
库伦,121.8272145,42.7376193,node-9169253671
库尔勒,86.1926553,41.7457012,node-7319308250
库尔木依,87.2204161,40.829276,node-7319353486
库车,83.0138098,41.6933236,node-4440851033
库都尔,121.623406,50.0262617,node-2331935772
应县,113.0564043,39.6238836,node-4471046650
应县西,113.0067093,39.6232451,node-10297785571
应城,113.5672886,30.9253969,node-1589666701
庙下,112.7058771,34.2184118,node-4976681279
庙坝,106.8077707,29.6404508,node-1681825115
庙城,116.6167574,40.2876273,node-844821216
庙子沟,104.6121343,30.2955059,node-8172999775
庙宫,117.8578024,41.7150895,node-8428741233
庙山,120.0683932,30.1696931,node-11554725704
庙岭,129.65858,43.50019,node-1590460731
庙庄,113.1940651,34.3594829,node-8163363249
府谷,111.039572,39.0508442,node-3156029305
康城,114.286066,36.6567688,node-2329019140
康庄,115.892027,40.3785643,node-7805038907
康金井,126.8113695,46.1944327,node-2379151406
廉江,110.292717,21.6175577,node-1692209463
廊坊,116.7029545,39.5083948,node-7733885007
廊坊北,116.6679438,39.5774367,node-9065844661
廊坊西,116.5673677,39.5481401,node-11410594721
延吉,129.489787,42.8842531,node-9085329466
延吉西,129.4077614,42.9025351,node-6655757505
延安,109.4761236,36.5567021,node-7765120777
延平,118.267951,26.5938422,node-7014731878
延平东,118.2098007,26.6294247,node-7014731879
延平西,118.1079842,26.5707218,node-6103626029
延庆,115.9774049,40.4349774,node-4912450673
延津,114.265079,35.230471,node-2371670081
建三江,132.6289505,47.2443364,node-2329566270
建始,109.723454,30.569824,node-3499299959
建宁南,116.8499422,26.8162195,node-7780322126
建宁县北,116.8662192,26.9191235,node-2501352080
建安,125.0767869,43.0944532,node-9174163157
建平,119.5562321,41.3781651,node-9179735871
建德,119.4226795,29.5752756,node-5907965299
建德南,119.2718972,29.4347774,node-9302050795
建昌,123.7937825,41.8406438,node-13457537774
建桥,116.1077111,23.9311287,node-13061379940
建水,102.8710279,23.6610775,node-2203273019
建河,106.3465601,34.5239719,node-3026390649
建湖,119.7889593,33.5079815,node-1665822813
建瓯,118.2894006,27.0269729,node-7252546311
建瓯东,118.8808803,27.1666495,node-12713843276
建瓯西,118.2746977,27.0514556,node-9524540936
建阳,118.1088471,27.3575438,node-2458071812
开化,118.3573008,28.9942441,node-2988925896
开原,124.0257097,42.5442139,node-2348271086
开原西,123.9127873,42.547378,node-3881554929
开安,125.1988745,44.1638528,node-2375089448
开封,114.3490527,34.7720005,node-3476981835
开封北,114.2560503,34.8406362,node-6736774928
开平南,112.6706712,22.3219819,node-8020545908
开江南,107.825797,31.063772,node-11067492107
开福寺,117.1793492,31.8336857,node-9938215100
开远南,103.2826078,23.6831096,node-8168457078
开道,128.891447,44.9307089,node-1603990160
开阳,106.9700697,27.0446857,node-3060364298
开鲁,121.2790965,43.6306824,node-843319819
弋阳,117.4397155,28.4142451,node-655354700
弓棚子,125.726907,45.0632856,node-4162472429
引镇,109.0962926,34.0941563,node-3012138072
张三营,117.7525607,41.5832356,node-8428684999
张兰,112.0656572,37.1338114,node-4076329836
张台子,123.2668966,41.352056,node-9178344029
张家口,114.8766144,40.749518,node-843052502
张家口南,114.8744949,40.7032311,node-3885972887
张家山,115.4953174,28.0816331,node-1569051635
张家川,106.3387494,34.9671947,node-3640220053
张家港,120.6692114,31.8193598,node-4714983432
张家界,110.4817343,29.1066515,node-5047862549
张家界北,110.5468196,29.1219589,node-4269858105
张家界西,110.458002,29.1713676,node-6615309047
张家祠,103.2798214,36.1613311,node-3958182651
张巷,115.9280828,28.1464649,node-2936532130
张掖,100.5180683,38.9735459,node-2897338934
张掖西,100.4265546,38.9225017,node-2987122176
张旗杆,117.1940705,31.1747918,node-8509133271
张桥,109.3955789,34.7722794,node-1607295768
张槎,113.0625491,23.0136445,node-9372157605
张百湾,117.4749007,40.9974637,node-3956223671
张维屯,126.9981602,47.0603923,node-2344167683
张辛,116.6803803,40.0111014,node-7855950711
张郭,119.4551997,35.4108692,node-12643489097
张集,116.5141296,32.7060567,node-6037693735
弥勒,103.4080445,24.3398328,node-3695433676
弥渡,100.4245477,25.4991001,node-1758381688
弯坵,102.1953781,27.0861232,node-4323698780
弯道,125.2469755,48.9506169,node-1727803127
归流河,121.72641,46.19841,node-1730851549
当涂东,118.5212094,31.5635168,node-2987518504
当阳,111.8067656,30.8499539,node-1589178241
当阳西,111.7526358,30.8454779,node-10296364139
当雄,91.104614,30.4746257,node-6266000537
彝良,103.9206652,27.5088905,node-1964179113
彝良南,103.9140041,27.5104006,node-5033589222
彬州,108.0996494,35.0462773,node-3462876026
彬州东,108.1201574,35.0361792,node-7966315898
彬江,114.5526365,27.7825205,node-1579621858
彭城,114.1738793,36.4327711,node-2329134714
彭山,103.8571009,30.1949749,node-1588514469
彭山北,103.8595909,30.2103951,node-4087268660
彭州,103.9230251,30.9811827,node-7951474428
彭州南,103.938311,30.9434499,node-7951474430
彭水,108.2334316,29.3647802,node-5549317613
彭水西,108.1123299,29.3395771,node-10561718990
彭泽,116.5384658,29.8687434,node-2381264577
彭阳,106.2831108,35.8120843,node-1783909029
彰武,122.5232289,42.3848273,node-1655741373
待王,113.3297222,35.2402552,node-1577895002
徐家,126.6378028,45.9077269,node-2344167681
徐家坪,106.0491083,33.4040663,node-2324653304
徐家店,120.9925315,37.0803936,node-3724551270
徐州,117.2017621,34.2663951,node-5570292382
徐州东,117.3002046,34.2691625,node-7733885004
徐水,115.6392198,39.0329643,node-2329466302
徐水东,115.75474,39.0459742,node-3823793489
徐闻,110.140906,20.3482521,node-8440210938
得耳布尔,121.0714185,50.991434,node-1594860816
得胜台,123.75193,42.23492,node-1656306622
得莫利,129.0259695,45.8752575,node-5697139259
徘徊北,114.0360743,36.6181799,node-7461167188
微子镇,113.2868725,36.3249263,node-2329166655
德仁,119.5942235,48.3022564,node-9125461473
德令哈,97.3829985,37.3147944,node-4333828719
德伯斯,121.3575376,46.4919442,node-1730851525
德保,106.6245118,23.348113,node-4971997623
德兴,117.8552437,28.9604427,node-2517236620
德兴东,117.9537895,29.11936,node-2988925897
德化,118.1777473,25.5068861,node-7781469272
德安,115.7618872,29.3117818,node-2447146918
德州,116.2826708,37.4486663,node-6198704798
德州东,116.4558211,37.4089344,node-6214911057
德惠,125.7102844,44.5312397,node-8436995005
德惠西,125.6703155,44.5436343,node-3878763459
德日斯图,112.9383722,42.336524,node-9117619571
德昌,102.185443,27.3990211,node-1558444904
德昌西,102.1646869,27.4001656,node-8166863511
德清,120.0568201,30.5470252,node-7342323559
德清西,119.9535624,30.5377451,node-7342299458
德胜,108.3397288,24.6946913,node-8857293635
德阳,104.3864117,31.1683508,node-2099675139
徽县,106.1972147,33.7019302,node-2373216516
忙罕屯,121.4011455,46.2728851,node-2476700817
忻州,112.7402814,38.4192046,node-3561638564
忻州西,112.6866817,38.4424722,node-9513113929
怀仁,113.0874248,39.8271581,node-843479825
怀仁东,113.1564617,39.791863,node-4284217909
怀化,109.963314,27.5606638,node-1579354013
怀化南,109.988764,27.5155158,node-2953790848
怀化西,109.9421974,27.5120317,node-8262045654
怀宁,116.8148268,30.7644409,node-1642883459
怀安,114.3935815,40.6844149,node-4693191083
怀来,115.5581345,40.3766788,node-4759815998
怀柔,116.6431284,40.3160162,node-7805118844
怀柔北,116.6868685,40.4079923,node-7805076368
怀柔南,116.6988695,40.2771929,node-7114099684
怀集,112.1540561,23.8947088,node-3060297703
思濛,103.7034053,29.9445325,node-5573596677
恒地营,124.9561008,48.5597446,node-1593383650
恩平,112.3908341,22.1881799,node-5485730496
恩施,109.479878,30.3512785,node-3467426477
恭城,110.8656107,24.8339809,node-3676366827
息县,114.8271858,32.1747918,node-9516066034
息烽,106.7437473,27.0804206,node-1763164530
恰尔巴格,78.7494045,40.0816711,node-7365784931
恰库尔图,89.5096921,46.277341,node-7365891036
悬钟,113.5712404,36.6600513,node-2328405928
惠东,114.7371846,22.9354967,node-8301434852
惠东南,114.7897316,22.8475822,node-2719758932
惠农,106.7227471,39.2611924,node-9118892115
惠农南,106.704226,39.2208223,node-13808856976
惠安,118.7096977,25.0606368,node-3378402906
惠安堡,106.6723129,37.4782371,node-11910000304
惠山,120.1963681,31.6716041,node-1983465568
惠州,114.4104932,23.1539233,node-5590889820
惠州北,114.3752592,23.1828713,node-8270551258
惠州南,114.4531622,23.0004015,node-10787152718
惠州西,114.3576175,23.0945192,node-2460428936
惠来,116.2820213,22.996869,node-10554312395
惠环,114.3610058,23.0326635,node-6169449259
惠阳,114.4879114,22.7866481,node-2719758933
感德,117.8459053,25.3013761,node-1529879350
慈利,111.1140388,29.4193227,node-1613124730
成吉思汗,122.8330727,47.7466737,node-2662698237
成都,104.0708278,30.7001324,node-7714547745
成都东,104.1389215,30.6312977,node-7212021583
成都南,104.066049,30.6090447,node-9334658569
成都西,103.9775041,30.6879152,node-7201435293
成高子,126.8304017,45.6975918,node-2662698235
戚墅堰,120.0623742,31.7242359,node-8453216524
扎兰屯,122.7402639,48.0123954,node-1595854650
扎囊,91.3389302,29.2633615,node-9087403303
扎布其尔,116.6032015,44.508594,node-9069903388
扎罗木得,120.4255319,49.2150164,node-1595119285
扎赉诺尔,117.7617081,49.4419041,node-1730288720
扎赉诺尔西,117.6881025,49.4703987,node-9160197906
扎音河,126.9351897,47.5910062,node-2344167685
扎鲁特,121.2341886,44.6492974,node-1720394653
打拉亥,109.6684793,40.6200857,node-840299040
打括,105.7438615,26.5293301,node-9329260383
打柴沟,102.996988,37.089861,node-2662698288
打羊,107.5504366,25.6210463,node-2643970801
托克托东,111.2961388,40.2508311,node-5166914735
扬州,119.3455868,32.3916856,node-2429233768
扬州东,119.5233197,32.4066134,node-3167951293
扶余,126.0184333,44.9850621,node-8436994999
扶余北,125.9973895,45.0061443,node-6099991220
扶余西,125.9228919,44.8827345,node-9171411670
扶沟南,114.3812535,33.997681,node-9534633725
扶绥,107.9156274,22.6311437,node-1577103493
扶绥南,107.9044497,22.5787534,node-10241499957
承德,117.9483739,40.9639743,node-9266232126
承德东,117.9838793,40.8876393,node-2662698231
承德南,117.9583137,40.8827849,node-4507818594
承德县北,118.2847202,40.9341598,node-4507816736
承德西,117.7160949,40.7656488,node-3970067857
抚宁,119.2431914,39.8927132,node-2711752126
抚州,116.347298,27.9221411,node-2879195401
抚州东,116.6118832,28.2639435,node-2867845403
抚州北,116.286807,28.010318,node-2445434504
抚松,127.2615125,42.2971427,node-4622106404
抚远,134.3934398,48.3432086,node-2075745741
抚顺,123.9119192,41.8872506,node-9174531414
拉古,129.4902882,44.5635903,node-1603990180
拉哈,124.6242807,48.2034779,node-1727803063
拉市海,100.1672631,26.8844271,node-8340587083
拉拉屯,122.3634133,41.0333501,node-9169258497
拉林,126.8899677,45.2279424,node-2333085942
拉法,127.328726,43.827671,node-2333086037
拉白,102.6345787,28.5768259,node-2092189988
拉萨,91.0687424,29.6258623,node-7279526244
拉鲊,101.9266305,26.3748173,node-1558444922
拓石,106.5268635,34.4980448,node-2954258498
招柏,114.4026436,39.4034192,node-1984411045
招远,120.2769203,37.459627,node-10536357430
挖色,100.2276705,25.8485047,node-553678289
捏掌,112.82455,35.191167,node-1577895109
捞刀河,112.9707908,28.3081451,node-582370787
换新天,133.0554329,47.3590592,node-2329566269
揭阳,116.3296741,23.6116842,node-9202090144
揭阳南,116.3652224,23.5730747,node-1619326154
揭阳机场,116.5122816,23.5477424,node-9202090143
播明,112.7366456,38.4957922,node-1668749919
攀枝花,101.849631,26.547043,node-1558444953
攀枝花南,101.7464451,26.4713756,node-5230059149
支提山,119.4597179,26.8242171,node-7935693259
攸县,113.34904,27.01461,node-2328102101
攸县南,113.3357612,26.8458394,node-3360858460
政和,118.8465353,27.3299584,node-7935693211
敖力布告,123.0194789,44.2432699,node-5377255139
敖包沟,109.9996038,39.7303152,node-4070990226
敖头,129.2605353,44.5312691,node-1603990100
敖汉,119.995181,42.6375073,node-1720956541
敦化,128.2403343,43.3779174,node-4038070338
敦化南,128.3331723,43.3132782,node-10291003185
敦煌,94.7834113,40.1678472,node-5010527067
敬梓场,104.6607952,28.9816732,node-8182252513
文地,110.1939935,21.9543741,node-1692209495
文安,116.328284,38.8834494,node-2351141711
文庄村,114.8630803,35.3084976,node-8491432050
文昌,110.7329071,19.6080567,node-7639835672
文水,112.0714325,37.4385826,node-3169909565
文登,121.9857639,37.1786464,node-1282629210
文登东,122.2534298,37.2404317,node-6382928240
文登南,122.0904334,37.0816467,node-11247678023
斗沟子,129.2537014,43.9388808,node-2333212317
新丰镇,109.2749659,34.4353171,node-2876178098
新乐,114.6862315,38.3421669,node-2329466301
新乡,113.8535572,35.3063652,node-8312461929
新乡东,113.9729327,35.3147084,node-2477368510
新乡南,113.8521463,35.0427602,node-9298889913
新会,113.0658864,22.5203259,node-8401400286
新余,114.9343116,27.8129986,node-965990535
新余北,114.8913261,27.915231,node-2452993355
新保安,115.4245339,40.438879,node-3885999106
新兴南,112.2331555,22.6447441,node-11140221411
新凉,102.5242287,28.2438524,node-2092190135
新化,111.2977883,27.7311944,node-10120264005
新化南,111.1550472,27.658612,node-2953780254
新华,130.2902618,47.1090164,node-9129186224
新华屯,124.6258422,46.1459281,node-1155336883
新县,114.8837377,31.6447987,node-2370486201
新友谊,131.8073256,46.7639352,node-2621210721
新和,82.6174477,41.5739118,node-7365718251
新园,123.5682768,41.7563833,node-8402523366
新固镇,113.9776405,36.6355116,node-2328405927
新场,106.8383676,28.2948295,node-8308409297
新场街,108.3356289,33.7428899,node-3861777224
新坡,114.297278,36.471132,node-2329134715
新坪田,104.6711282,25.3237062,node-13422452218
新城子,123.507256,42.051671,node-2348271090
新城川,110.7281504,39.0850231,node-2361435788
新塘南,113.5984647,23.1347455,node-7746602411
新塘边,118.4789548,28.6391584,node-9660921052
新墩,114.1913093,30.6196066,node-7197875254
新天,124.2067065,51.2105966,node-1252233969
新安,131.6676294,46.6122451,node-13506342944
新安县,112.1480885,34.7193882,node-3006173722
新安庄,113.22381,40.53024,node-1597596258
新安江,119.2586423,29.464571,node-7203594894
新宾,125.0704468,41.7140274,node-10554222144
新寒岭,123.51638,41.16843,node-2349438766
新干,115.3913154,27.7356756,node-2314081759
新干东,115.4217676,27.7469516,node-2940767973
新平坝,106.25823,26.39066,node-2341894814
新康,101.7690202,25.7809148,node-9142749766
新开,122.2743022,41.0692775,node-9169258498
新彦,125.2474994,49.1046765,node-1727803161
新昌北,120.9798026,29.5388633,node-11309716778
新晃,109.1916878,27.3518382,node-8730269484
新晃西,109.1214787,27.3834286,node-2953805433
新李,106.5902337,35.6031751,node-1783909054
新杖子,117.8746973,40.7732824,node-4017721379
新松浦,126.6596935,45.8393255,node-2344167680
新林,124.4052792,51.679031,node-1252233944
新桥,98.5733948,24.48735,node-8341413017
新民,122.8121665,42.0000091,node-1655741363
新民北,122.8002861,42.022305,node-4507873121
新民场,103.8732145,30.8607176,node-9327370172
新沂,118.3431859,34.3817847,node-1605321380
新沂南,118.3260101,34.3297973,node-9242299260
新沂西,118.2954563,34.38065,node-8406197581
新河,117.0394262,34.2503104,node-3624896625
新津,103.868309,30.4682011,node-9334658567
新津南,103.853839,30.3515154,node-4752750505
新甸,123.0934059,40.1017103,node-4615517247
新祺周,115.823394,28.9481533,node-2290062618
新窝铺,120.3954915,42.7116026,node-1720956534
新立屯,122.1750221,42.0194891,node-1655741357
新立镇,126.7216892,44.6914197,node-3230872601
新绛,111.20482,35.61068,node-1609056587
新绰源,121.3517829,48.333987,node-8944428493
新肇,124.4063559,45.7083873,node-6355181380
新街,120.3262667,30.2017903,node-9863202903
新贤城,109.8569422,40.6961089,node-9081737224
新邱,121.7917087,42.0870415,node-2340355364
新郑,113.7692387,34.3835787,node-6672557609
新郑机场,113.8474265,34.5271961,node-6660412153
新都东,104.1920332,30.8020223,node-4765197373
新铁村,102.2403126,28.3119208,node-2092190148
新阳镇,105.5304598,34.7023249,node-3840290624
新集,106.800199,33.0256446,node-8111545470
新青,129.5188451,48.2897332,node-6390876185
新香坊,126.7619428,45.7096965,node-2333085952
新香坊北,126.8999599,45.7372197,node-6314289680
新高峰,125.2741234,49.067402,node-1727803141
新龙,119.9566537,31.8897003,node-12215463395
方城,112.9439579,33.2404508,node-9526166087
方正,128.8000953,45.8653967,node-5697139260
施家嘴,102.9890803,24.9530877,node-8334335472
施秉,108.1311576,26.9210701,node-627664957
旅顺,121.2475828,38.8430807,node-9162046997
旌德,118.5240859,30.2946754,node-13048463742
旌阳,104.3399267,31.0963723,node-8148321962
旗下营,112.1460014,40.9749556,node-3465525836
旗下营东,112.2047554,40.9635299,node-4693191073
旗下营南,112.1870935,40.928336,node-9509616895
无为,117.9639065,31.3063668,node-7243088379
无为南,117.9246834,31.1573405,node-8509167177
无锡,120.3018066,31.5898087,node-1983466271
无锡东,120.4554867,31.5988147,node-2063857370
无锡新区,120.3875023,31.4995998,node-9242148027
日喀则,88.912155,29.2238621,node-7279526246
日照,119.5255557,35.405741,node-9242869607
日照西,119.4141555,35.3902963,node-9255881283
旧庄窝,115.6325391,40.1709745,node-5183353123
早阳,109.1816603,32.7769089,node-4039370301
旬阳,109.34813,32.8378885,node-1575728439
旬阳北,109.2928385,32.842094,node-1575728436
旺苍,106.2620323,32.2314266,node-8175928332
昂乃,120.75996,42.98946,node-2662698012
昂昂溪,123.8095637,47.1590778,node-1974175889
昆山,120.9535986,31.3683044,node-8453216530
昆山南,120.946472,31.3551464,node-9242148030
昆明,102.720287,25.0186616,node-9176075104
昆明东,102.7743716,25.0138511,node-7891775722
昆明南,102.8603804,24.8733628,node-2865839196
昆明西,102.6447626,25.0319256,node-4167683393
昆玉,79.2747574,37.2208245,node-7365811214
昆都仑召,109.7900784,40.7021489,node-9111251396
昆都庙,122.1799,43.67516,node-1720394462
昆阳,102.607238,24.6661577,node-9182286770
昌乐,118.8334153,36.7104569,node-2727040405
昌图,124.1111745,42.7765285,node-2348271083
昌图西,124.0605836,42.7755118,node-3880520952
昌平,116.2274869,40.2193139,node-5305506015
昌平北,116.2269405,40.2300228,node-7805052938
昌邑,119.4574384,36.7955169,node-8165214095
昌黎,119.16145,39.702907,node-1582507133
明光,117.9830213,32.7716118,node-8454361472
明光西,117.9285809,32.830586,node-9694086105
明城,126.010673,43.191726,node-1548856822
明安,109.8035458,40.8540742,node-9111251394
明水河,120.8216071,46.7041924,node-9125461493
明港,114.0438174,32.4668658,node-1329779045
明港东,114.0588784,32.4889453,node-8396976232
明溪,117.2136283,26.2398837,node-7781469283
明珠,113.5103774,22.2713963,node-7710011715
明阳,122.6057169,39.5588361,node-1659252273
昔阳,113.6711032,37.6265624,node-8383106530
星朗,107.4917498,25.4747146,node-2643970708
春亭阁,124.4854073,49.7889184,node-2662698265
春申,121.3496831,31.0813561,node-7168518929
春阳,129.43731,43.71297,node-2333212313
昭化,105.638098,32.386752,node-1546239777
昭山,113.0221895,27.9245498,node-3755321727
昭通,103.7900815,27.3888101,node-1964179114
昭通北,103.7893048,27.4399996,node-8323904876
昭通南,103.8107058,27.3318727,node-1964642725
晋中,112.6360696,37.6861958,node-3012090162
晋城,112.8672131,35.4753954,node-1577895053
晋城东,112.9783984,35.5342996,node-8208342107
晋城北,112.898404,35.509764,node-1577895046
晋宁东,102.7762413,24.7268578,node-4527901810
晋州,115.0263137,38.0201812,node-9259607254
晋江,118.4541454,24.7974067,node-7778190320
晏城,116.7522081,36.8034769,node-2651768079
晏城北,116.6909615,36.8372076,node-8094193382
晏家坝,107.4603222,33.1123896,node-1555369841
晨明,129.4814677,46.9729825,node-2662698241
普兰店,121.9554261,39.4004261,node-12330990405
普兴,103.913954,30.3861248,node-1588514513
普宁,116.194641,23.2694032,node-10555760577
普安,114.3488376,30.3894519,node-3917354815
普安县,104.8674326,25.8058011,node-3328330804
普定,105.7088103,26.2864606,node-8308145831
普洱,100.9412056,22.7784879,node-8359782369
普洱渡,104.2012504,28.2570346,node-5031325186
普济,106.4535731,32.2391598,node-8175950492
普者黑,104.1771193,23.9712519,node-7693577621
普达,101.7199477,26.512028,node-8460009967
普雄,102.6485271,28.5182213,node-2092190070
景州,116.1327356,37.6452453,node-5555291485
景德镇,117.2166109,29.2881277,node-7266754619
景德镇北,117.2376217,29.3416354,node-2988925898
景泰,116.4049409,39.8636494,node-3367857703
暖泉,131.0745325,44.0082005,node-10836356812
暮云,113.0006141,27.9935097,node-3410043449
曲子,107.4892125,36.3196874,node-8914665282
曲家店,123.9274448,43.2248587,node-2340355358
曲水县,90.6950682,29.35317,node-2894949883
曲江,102.8441387,23.9632003,node-4511131082
曲阜,117.0247138,35.5831903,node-1613209999
曲阜东,117.064341,35.5565465,node-6193950294
曲阜南,117.0181063,35.5109173,node-9354508776
曲靖,103.7903872,25.5292659,node-10120263997
曲靖北,103.78063,25.5928432,node-7704087889
曹县,115.5764937,34.8269281,node-2662698171
曹妃甸东,118.5845559,39.2173768,node-5112069633
曹妃甸北,118.4511172,39.145258,node-4693555201
曹妃甸港,118.4608701,39.0729599,node-7783459218
曹子里,117.1319966,39.4095353,node-1582348723
曹家湾,106.4903705,29.723579,node-4921040993
曹家营子,118.7709972,42.3358914,node-2662698169
曾口,106.9153726,31.7282447,node-7260621602
曾家坪子,104.0207407,27.7675404,node-5033566186
月亮田,104.4966106,25.9285397,node-2323529396
月华,102.1788283,28.1369574,node-5037154143
月山,113.049159,35.210411,node-1577895148
朋普,103.3413524,23.9775968,node-5751287713
朔州,112.4415443,39.3149358,node-843479826
朔州东,112.5916598,39.3023593,node-10297769453
朔州西,112.401084,39.2976533,node-4589602572
朗乡,128.8718877,46.9575226,node-2154670851
朗县,93.0350705,29.0478206,node-7329144909
望江,130.1574648,46.8562431,node-9137876520
望牛墩,113.6228718,23.0393379,node-7063140835
望都,115.1581684,38.7073584,node-5944235192
朝中,121.3655727,50.9149477,node-9126260274
朝天,106.0687709,32.7070994,node-7332499345
朝天南,105.8750232,32.6403574,node-1532826986
朝脑沟,109.9128512,40.0175578,node-4071010315
朝阳南,120.4362414,41.5772777,node-7949562606
朝阳地,118.220539,42.0222966,node-1721802913
朝阳川,129.3623699,42.8733541,node-1590460680
朝阳村,124.3216889,50.0242454,node-6305752502
朝阳湖,103.4433349,30.1698298,node-4585401968
朝阳镇,126.0215833,42.6818101,node-2662698225
木头营子,120.1458258,42.6419235,node-2662698029
木竹河,106.8653155,28.6392686,node-3191192383
木里图,122.2109231,43.4696987,node-2340355351
本井,105.9094918,39.4029436,node-3685453991
本溪,123.7520418,41.2933368,node-3525580953
本溪新城,123.6720993,41.4801927,node-4622137473
本溪湖,123.761778,41.325548,node-2349438701
朱保,118.1802102,35.1283613,node-2913728104
朱嘎,104.149287,26.93241,node-1964642740
朱家沟,129.8504737,44.8748959,node-1604842624
朱家窑,103.9962494,36.49659,node-9118892084
朱日和,112.8928403,42.3955996,node-843202346
朱杨溪,105.94746,29.064628,node-1586701933
朱石寨,107.4694301,25.4042407,node-12337023364
朱砂古镇,109.1333449,27.5198398,node-5184005947
杉松岗,126.2154459,42.5035701,node-2499694910
李冰广场,103.6310023,30.9875937,node-4140659391
李子沟,104.046778,26.9743601,node-8320481333
李家,126.7491481,47.9379613,node-2152729146
李家坪,111.9100245,38.9835575,node-8387253280
李家湾,106.9882774,27.8562366,node-5573776043
李家营,117.7483924,40.5830849,node-3969875439
李市镇,105.3933792,29.3158323,node-8173259059
李旺,106.075374,36.7002724,node-1783909025
李石寨,123.7214935,41.8150299,node-12335042104
李金,121.3334241,41.6607063,node-9171411677
杏林,118.0241172,24.5792849,node-2502480510
杏树,130.5559715,45.9205176,node-2329802065
杏树屯,122.1503535,39.2632303,node-1659252288
杜坞,119.2358449,26.1214445,node-2451329911
杜家,127.1915697,44.8163766,node-2333085939
杜尔伯特,124.4406414,46.8688807,node-2173106148
杜尔基,121.1992,45.23981,node-1720394403
杜拉尔,119.6337031,47.3657555,node-9125461479
杜桥,121.4640804,28.7798735,node-8566164682
杜科,118.0789154,36.8001096,node-5518559613
来凤,109.351661,29.5212162,node-5387546619
来宾,109.2372489,23.7324711,node-1541942452
来宾北,109.2409823,23.7545601,node-3677192583
杨各庄,118.5973075,39.8044439,node-8431451883
杨家口,118.1287336,39.691197,node-9274358856
杨家岭,115.7912251,29.1135395,node-2450074980
杨家营,118.2406649,42.1399249,node-1721802921
杨岗,132.2801894,45.7143609,node-9137873802
杨木,130.3350655,45.2581811,node-1604972749
杨村,117.0582211,39.3532757,node-1582348731
杨杖子,119.1286664,40.7182089,node-2514251070
杨林,103.0809775,25.2382982,node-2001914253
杨柳青,116.9957742,39.1417051,node-2351141712
杨树岭,118.872226,40.9895361,node-2336082834
杨树湾,120.0607461,40.6925664,node-1657973612
杨桥,112.0031476,27.1714678,node-5559297514
杨源,116.7946028,25.8467299,node-7780346103
杨漩,103.3986935,29.305355,node-1588514522
杨陵,108.0738496,34.2703909,node-9500953617
杨陵南,108.048322,34.2556034,node-2691462623
杭州,120.1783532,30.2459675,node-7299090915
杭州东,120.2082034,30.2935486,node-7160108921
杭州南,120.2900497,30.1746889,node-7039952242
杭州西,119.9821401,30.3007603,node-8223390589
杭锦后旗,107.1111129,40.8623923,node-2688042746
杭锦旗,107.0303273,40.2686412,node-840298933
松原,124.8113584,45.1077859,node-1273439109
松原北,124.9907345,45.1047644,node-9171411672
松坎,106.8692073,28.5563121,node-3191154902
松坝,106.9540239,27.91912,node-6170790718
松山湖北,113.8920806,22.9611685,node-4991684135
松树,122.09265,39.82467,node-1660110952
松树林,124.23523,50.5276096,node-1252233945
松树镇,127.110005,42.053238,node-1575631514
松桃,108.9687966,28.0799947,node-1681825111
松江镇,128.3082157,42.5591182,node-7629067841
松河,104.621223,26.0360405,node-2323529393
松溪,118.8232922,27.5371162,node-7935632139
松滋西,111.6017277,30.1754583,node-2492511780
松潘,103.6043783,32.598839,node-10574674383
松阳,119.4181567,28.4498985,node-7935598877
松青,129.098001,47.0598526,node-2154670866
板其,105.6745671,24.8285564,node-8320718566
板城,115.2492051,39.6125672,node-1984410960
板塘,112.9518429,27.8580436,node-3755318164
构林,112.079567,32.4954058,node-8158566847
枕头峰,128.7599641,42.3509702,node-8983226863
林东,119.4058621,43.9321268,node-9119790818
林口,130.2619436,45.2908402,node-1604972727
林口南,130.2906232,45.2111952,node-9429765762
林场,118.6890467,32.1490253,node-13452844558
林家台,123.94668,40.71619,node-1662256003
林村,114.4072694,36.6201307,node-3649025734
林歹南,106.36851,26.6240214,node-9329260404
林海,124.3494355,51.577421,node-9126260248
林源,124.7559678,46.3418461,node-1731938296
林盛堡,123.3571342,41.5762675,node-9178344031
林芝,94.4363308,29.5297406,node-7329138457
林西,118.0771459,43.5659076,node-12309529672
果松,126.2507492,41.5965572,node-1550539253
果珠,104.9782436,27.6576578,node-10108687083
枝城,111.504207,30.274121,node-2492404144
枝江北,111.7666231,30.4796169,node-3053787564
枣子林,101.9397884,26.7483232,node-1558445041
枣庄,117.3003734,34.7818841,node-3163707180
枣庄东,117.5430934,34.8676992,node-7154080023
枣庄西,117.2487083,34.7939354,node-8455171509
枣强,115.7329939,37.503853,node-3600114283
枣林,113.0874276,39.1314182,node-1984411042
枣阳,112.7560276,32.072161,node-9307694621
枫林,115.4039285,29.7531844,node-4710991169
枫泾,121.0317016,30.8961766,node-13516041044
柏村,103.1825129,29.260542,node-1588514299
柏林,113.9891505,30.5847118,node-11322975322
柏果,104.5040661,26.0088284,node-2323529333
柘皋,117.7186024,31.7481406,node-9242148037
柞水,109.1415835,33.64064,node-1585550002
查布嘎,120.062971,43.8554283,node-843319811
查干得日斯,105.9624676,40.3989842,node-7473345546
查干湖,124.5406208,45.2857849,node-1273438253
查干特格,112.23638,43.37509,node-2662698178
查干诺尔,112.9060055,43.2759248,node-9072960152
柯坦,117.1359515,31.2441088,node-9229648666
柯坪,79.3312025,40.5182158,node-7365783605
柯柯,98.2543602,36.9843099,node-4341505887
柳园,95.5053524,41.1051772,node-1601166977
柳园南,95.4707876,41.1006009,node-2987130068
柳城,108.9629676,24.5146926,node-8858772973
柳家庄,105.3908318,37.5164958,node-5356894179
柳州,109.3833252,24.3105845,node-7691165939
柳州西,109.3659098,24.3501915,node-6385614439
柳林南,110.9263537,37.4429826,node-1794669967
柳树,129.3280755,47.1726317,node-2154670852
柳树屯,120.794914,40.762777,node-1657245403
柳树泉,92.8456634,43.050899,node-1202093206
柳毛,130.7750404,45.2332196,node-9131669911
柳江,109.3117179,24.2647672,node-4723325690
柳沟,96.4438888,40.6738354,node-7276773543
柳沟南,96.4162283,40.6450681,node-3688871435
柳河,125.7592186,42.2870588,node-2614607868
柴桑,115.8446033,29.6320476,node-4450033022
柴沟堡,114.4093067,40.6695684,node-2662698180
柴河,129.680023,44.7653949,node-1604972708
栏杆滩,105.9252778,29.2986321,node-8190124488
树屏,103.5919857,36.3716432,node-10285851023
树木岭,113.015054,28.1594366,node-11097425557
栗木,115.487105,30.109663,node-1769587481
栟茶,120.8766538,32.500799,node-9218083769
株洲,113.151682,27.838836,node-5814548885
株洲南,113.1628275,27.7719839,node-6015670736
株洲西,113.0628364,27.7939475,node-8393702264
核桃园,108.6812421,29.4576761,node-1681825096
根河,121.502995,50.775276,node-9126260273
格勒,105.0215185,41.1166164,node-7473373519
格勒森德,116.9222354,44.5783401,node-9069903387
格口,117.654991,25.2824994,node-8833921317
格尔木,94.9061358,36.3829415,node-7296211438
桂平,110.1122335,23.3185017,node-3048742262
桂林,110.2772234,25.2643418,node-626322669
桂林北,110.2981859,25.33146,node-2509040864
桂林西,110.2625115,25.3574053,node-7775792087
桃园,121.0805364,41.1006822,node-1657245432
桃山,130.9658854,45.7825946,node-13508852349
桃映,109.0164703,27.8633604,node-7245028952
桃村,121.1367569,37.1881259,node-3829114170
桃村东,121.1726826,37.1939809,node-5530868792
桃村北,121.1414823,37.2109165,node-3914315828
桃源,121.6465454,38.8864554,node-12076312301
桃花店,117.2558087,31.8986647,node-9922691109
桐乡,120.5636403,30.5395874,node-7160108924
桐城,116.972938,31.052529,node-1642883477
桐城东,117.0344029,31.0276658,node-4724796104
桐城南,116.9593385,30.8752543,node-8407883947
桐子林,101.8538665,26.7142842,node-1558445001
桐庐,119.7272875,29.7916643,node-5907959824
桐庐东,119.7596936,29.8574581,node-9302063144
桐木寨,107.9940856,26.6887674,node-8311465916
桐柏,113.4300115,32.3921619,node-2381309083
桐梓,106.828205,28.133834,node-2327958851
桐梓东,106.8330123,28.1186769,node-7620009556
桐梓北,106.8270917,28.3889097,node-3695356382
桑园子,103.9740962,36.0550728,node-840181311
桑日,92.0240999,29.2580503,node-7329144915
桑根达来,115.933493,42.674558,node-4172561678
桑根达来北,115.9568964,42.7118253,node-9072960153
桑植,110.0914621,29.3584031,node-7213715508
桓台,118.1177379,36.946761,node-2339632256
桓龙湖,125.3632648,41.3553489,node-3069587197
桥头,123.7235341,41.1911615,node-2349438745
桥湾,96.6434213,40.5642063,node-9524436516
桥西,98.1263471,39.719603,node-2621443417
桦南,130.576636,46.2419922,node-9131675319
桦南东,130.613552,46.2132057,node-9532243465
桦林,129.6683262,44.6756064,node-4111429480
桦皮厂,126.2252824,43.9942263,node-1548856814
梁堤头,115.5964474,34.634339,node-8417616505
梁家渡,115.997553,28.404822,node-2279174925
梁山,115.9323108,35.8191339,node-1672448034
梁平,107.812284,30.7179484,node-4827082572
梁平南,107.7654634,30.6443282,node-3500365769
梁底下,117.6192382,41.1067328,node-4069797690
梅州,116.1262438,24.2610667,node-12407447265
梅州西,116.043042,24.2529231,node-13061379938
梅水坑,117.5255852,25.2400427,node-7236099482
梅江,109.0421069,28.294202,node-5549333748
梅河口,125.6777893,42.5328318,node-2327447492
梅花山,104.669432,26.700511,node-1964642703
梧州,111.2348403,23.4896297,node-5097780534
梧州南,111.217319,23.3956042,node-3048726327
梨树镇,130.6800395,45.0804415,node-9131669914
棋子湾,108.8041307,19.3392265,node-3926581138
棋盘,126.547314,43.967714,node-2332314842
棕溪,109.5565599,32.8716892,node-8145104968
椑木镇,105.092706,29.5096363,node-8173136442
楚山,130.0211398,45.1169494,node-2662698268
楚雄,101.5427023,25.0853037,node-5599437418
楚鲁图,112.59484,42.84397,node-1596389959
楠溪江,120.7796533,28.3225426,node-11340665939
榆中,104.1686135,35.8515222,node-7276282770
榆林,109.7142389,38.272957,node-8369317809
榆树,126.5288862,44.8149151,node-6436067244
榆树屯,123.8892133,47.1539542,node-1267538080
榆树川,129.0773818,42.9818732,node-4628338205
榆树沟,118.3977323,40.7834383,node-2336082836
榆次,112.7242917,37.6961649,node-7793098479
榆社,112.9631498,37.0514273,node-1578026875
榕江,108.5514902,25.9917177,node-9527375841
槐荫,113.960139,30.8992619,node-3377737087
樟木头,114.0626375,22.9043667,node-4638676682
樟木头东,114.1001335,22.9607253,node-6165448992
樟林,119.3607435,26.0857007,node-3019471528
樟树,115.5719686,28.080239,node-1579354029
樟树东,115.5956997,27.968213,node-1579354028
横峰,117.597452,28.417185,node-2458071811
横州,109.3696791,22.7582108,node-11330580119
横店,120.259868,29.2175547,node-11337806452
横店东,114.3283003,30.8008524,node-4644445230
横江,104.3416687,28.5553472,node-8323458385
横沟桥东,114.3688358,29.9363171,node-7733587987
横车,115.3488975,30.3153506,node-5488592542
横道河子,129.0659087,44.8124107,node-2187941092
横道河子东,129.0986895,44.7891833,node-9160197902
橄榄坝,100.9453737,21.8728143,node-8359953070
欧里,123.22837,43.59195,node-2340355353
歌乐山,106.4338303,29.6269382,node-6989684877
歙县,118.406185,29.869103,node-1675935526
歙县北,118.4051782,29.9243518,node-9242148048
正定,114.5510825,38.1621065,node-8308266734
正定机场,114.7033248,38.2513059,node-8401357512
正镶白旗,115.034171,42.279367,node-843276831
步行街,103.9381327,30.9613561,node-7951474429
武义,119.826344,28.9116461,node-7702364128
武义北,119.8450172,28.9855458,node-3469247631
武乡,112.7922015,36.849761,node-8208342112
武乡东,112.8472049,36.8556679,node-1578026849
武功,108.2065629,34.2588345,node-2999345286
武夷山,118.0254739,27.7328587,node-7252546318
武夷山北,118.0403584,27.7810329,node-7726025998
武威,102.6221806,37.9036926,node-9524455335
武威东,102.6893078,37.9524015,node-11822437463
武威南,102.7355281,37.8150667,node-9295636266
武安,114.20618,36.676568,node-7461167201
武山,104.9167218,34.7221876,node-3182220016
武平,116.2149331,24.9947201,node-9992008817
武当山,110.960512,32.540419,node-1532826992
武当山西,111.0086167,32.5399667,node-7713231788
武昌,114.3124643,30.530793,node-317750134
武昌东,114.4481521,30.5562406,node-2539553663
武昌南,114.2955484,30.4844284,node-582350173
武汉,114.4189431,30.6098504,node-579971406
武汉东,114.4252056,30.488616,node-4647204763
武汉北,114.3082826,30.7894748,node-3856476013
武清,117.0099011,39.3710644,node-6712308732
武穴,115.6329426,29.9718731,node-1769587485
武穴北,115.6814705,30.005099,node-9691561171
武胜,106.1017897,30.3720464,node-3500325329
武进,119.9423585,31.6605432,node-11214979073
武陟,113.444851,35.0893855,node-7207306501
武隆,107.7682632,29.3299317,node-4503846519
武隆南,107.8132942,29.2993008,node-10561588367
歪头山,123.6766092,41.4912388,node-2349633669
段甲岭,117.1682731,39.9855692,node-3824598538
毕克齐,111.2798693,40.7223248,node-1709764695
毕节,105.4157004,27.2657729,node-4631868962
毕节东,105.5283943,27.2351363,node-4631918649
毛告吐,121.57222,44.31074,node-1720394473
毛坝,107.7411957,31.6211173,node-1586077420
毛坝关,108.2463887,32.3430181,node-1556058495
毛德呼热,106.3021297,40.510462,node-7473345547
毛陈,113.9855785,30.8662303,node-3628718237
民丰,82.7216775,37.0179693,node-8204063700
民乐,114.0435655,22.596962,node-5214753204
民和南,102.8482275,36.3062009,node-2987084180
民族,112.0916378,40.894158,node-1597596215
民权,115.134667,34.64621,node-1775221277
民权北,115.1745142,34.6611904,node-3311797080
民福寺,106.4668551,29.1550724,node-8190821001
氡泉,127.1875163,42.1483745,node-2381431796
水土,106.590138,29.8467728,node-10313458333
水地,119.209426,42.396019,node-1720956524
水城,104.8927133,26.5740274,node-1964861303
水家湖,117.1640879,32.4853615,node-8012738240
水富,104.4145435,28.6098994,node-1964182138
水江,107.2795528,29.2582439,node-8197922559
水江西,107.2694269,29.2470799,node-10561578972
水沟,107.0332559,34.724713,node-2368523119
水泉,123.6098507,41.8434981,node-12949048253
水洋,113.3341186,36.4652064,node-2329166654
水洞,126.1162698,41.7740152,node-1664135960
水源,103.8758826,36.1238455,node-9118892079
水花,108.2771945,26.9965842,node-5733932148
水茜,116.7375362,26.4687675,node-7780322122
水车湾,102.955208,36.2903063,node-3957968526
永丰营,103.0628887,24.9755711,node-1569661909
永乐店,108.9426614,34.5360553,node-1532510508
永仁,101.7091757,26.0522042,node-5230023390
永修,115.8108967,29.0228881,node-2290064248
永和,118.3439263,40.7761811,node-8431464136
永城北,116.515113,34.2178054,node-3311816585
永宁,126.03426,43.04375,node-1548856860
永宁镇,118.5790534,32.1405069,node-1524299950
永安,117.372977,25.977723,node-1583788093
永安乡,131.4706579,45.336595,node-9137873808
永安南,117.3851905,25.9414492,node-4665343372
永安镇,111.9873697,38.4901312,node-4068175274
永定,116.7393246,24.7376834,node-2095389220
永寿,108.1470704,34.7071573,node-3003935017
永寿西,108.1132579,34.6967699,node-8315154179
永川,105.8972628,29.3440986,node-1586701917
永川东,105.9460461,29.3743485,node-3500459007
永川南,105.9603632,29.2785978,node-10246926876
永州,111.5655253,26.4576625,node-4359529805
永州北,111.5598559,26.5208067,node-9385046724
永平,117.7411836,28.2200594,node-2458071816
永平县,99.5385961,25.4077598,node-9898868285
永庆,128.2366238,42.7078529,node-9534537139
永康东,120.0757947,28.8197308,node-8837178590
永康南,120.01924,28.853576,node-3469247632
永昌,119.3585774,29.2491327,node-9209486376
永春,118.122548,25.3332364,node-7781469270
永泰,118.9290637,25.851529,node-2451353649
永济,110.4483571,34.8708143,node-4075255926
永济北,110.4192369,35.0282991,node-3012017257
永清东,116.5060859,39.3041239,node-9225780497
永甸,124.8370065,40.5571082,node-1592559627
永登,103.2709901,36.7204653,node-2303800425
永登北,103.2431375,36.7230667,node-9399825561
永福南,109.9940711,25.0013006,node-4419760182
永胜,130.5037418,46.7851886,node-9129925035
永郎,102.2464302,27.1515481,node-1558445040
汇塘河,106.9193841,27.9721787,node-8308449244
汇流河,120.8246967,49.2898861,node-1595119244
汉中,107.0255229,33.0929325,node-9295305367
汉口,114.2494144,30.6216514,node-2492403981
汉寿,111.9390138,28.8445213,node-12260049299
汉寿南,111.94181,28.77311,node-1613124731
汉川,113.8072488,30.5442023,node-3053748808
汉川北,113.8479908,30.7075464,node-10275616432
汉沟镇,117.1033211,39.2980399,node-6196627808
汉沽,117.799897,39.271708,node-2349729510
汉源,102.9042116,29.2356327,node-10796576930
汉西,114.2223594,30.5951,node-1886917420
汉阴,108.5022244,32.8790888,node-1556058462
汐子,119.2575065,41.778895,node-1722042129
汕头,116.7524295,23.3746875,node-5610619909
汕头南,116.6731172,23.2321724,node-10554312390
汕尾,115.4237222,22.8132068,node-2719758936
汝州,112.8219285,34.170686,node-1577895132
汝箕沟,106.1142404,39.0691444,node-2800387801
汝阳,112.55549,34.3073,node-1577895122
江北机场,106.65074,29.7090718,node-11357632967
江华,111.5501225,25.1829011,node-5132033119
江宁,118.8939146,31.9386994,node-2830239653
江宁西,118.5906798,31.8257169,node-9242148045
江密峰,126.738933,43.9562709,node-2332708576
江山,118.6389535,28.775687,node-9527101298
江所田,104.477012,24.9735622,node-4357594754
江村,113.2132933,23.3087222,node-5611951753
江桥,123.678401,46.7695728,node-1267537498
江永,111.4605261,25.3524604,node-8744540817
江油,104.767541,31.783437,node-1742504938
江油北,105.0722604,31.9853742,node-5130313330
江津,106.2370294,29.2651855,node-1586701887
江津北,106.2550457,29.3475628,node-8997696983
江海,113.1584361,22.58565,node-1759460681
江源,126.5771514,42.0390463,node-2381432823
江源东,126.9037111,42.0866512,node-10556364302
江西村,108.1193908,22.7752071,node-8050763450
江边村,115.907318,27.6802987,node-2449481398
江都,119.5727248,32.4608099,node-1095044568
江门,113.0653353,22.4910006,node-2414867084
江门东,113.0976874,22.5638778,node-7707072349
江阴,120.275,31.8635536,node-13297115256
江高,113.2190133,23.2801454,node-8736535210
池州,117.5170183,30.6218762,node-9242148039
池河,108.331676,32.971251,node-3019716829
汤原,129.918101,46.7450853,node-9137876521
汤头沟,117.7152877,41.4431651,node-8428668285
汤山城,124.2035996,40.3098366,node-2349438752
汤旺河,129.573769,48.4532474,node-2154670869
汤池,123.768167,46.9851821,node-2343318813
汤逊湖,114.3797304,30.4476163,node-3917349566
汤阴,114.33931,35.9130589,node-8360876989
汤阴东,114.4068253,35.875485,node-6629648409
汨罗,113.0705691,28.8170988,node-8330381447
汨罗东,113.1382209,28.7486388,node-8396912757
汪清,129.7331809,43.3300538,node-1590460757
汪甸,106.319685,24.2111536,node-8293209394
汾河,112.5327323,37.9478952,node-4226925511
汾阳,111.9108116,37.3723845,node-2051979297
沁县,112.699,36.75867,node-1578026841
沁河北,112.726128,35.167325,node-1577895112
沁阳,112.944272,35.200601,node-1577895118
沂南,118.614184,35.4878845,node-9246201051
沂水,118.7219953,35.6438802,node-9246201052
沃博尔,102.6667696,41.8591338,node-7473373514
沃皮,125.5244797,44.2250744,node-8436995006
沈丘,115.0812782,33.3623154,node-8491565996
沈丘北,115.1016,33.424626,node-8465326533
沈家,126.7640649,46.0956015,node-2344167672
沈家河,106.2810544,36.0942739,node-4499882017
沈阳,123.3879307,41.7924481,node-6179162407
沈阳东,123.4956815,41.8208816,node-677162780
沈阳北,123.4294351,41.8173345,node-676578837
沈阳南,123.3998162,41.6660114,node-6179162253
沈阳西,123.2270712,41.9172198,node-4507873122
沐滂,100.7696599,25.4020514,node-1758381697
沙井西,113.7882189,22.7363592,node-7063140962
沙厂坪,105.4358162,24.9873011,node-8320768079
沙后所,120.5541426,40.4771334,node-9179735862
沙园,127.0029041,46.7569834,node-2154670860
沙坝,102.1277325,26.9509824,node-1558444990
沙坝子,109.9638336,40.2026916,node-4071018843
沙坡头,104.9965306,37.4656263,node-7121880619
沙坨子,117.7393096,41.5028779,node-8428695054
沙坪坝,106.4564803,29.5591887,node-6494407274
沙城,120.8033962,27.8743427,node-11143159933
沙子河,118.4071389,39.8834314,node-9274358855
沙尔塔拉,118.7377135,45.0380764,node-9069910633
沙岭,123.1544343,41.7561827,node-9167905927
沙岭子,114.9187295,40.6719305,node-3834284194
沙日乃,120.6385689,43.6686656,node-3725766735
沙村,115.0729989,26.6483883,node-3182658840
沙桥,101.1439857,25.2480814,node-9186758544
沙沙圪台,109.9945342,39.6452198,node-3685511904
沙沙坡,104.046806,28.0165948,node-8323666527
沙沱,104.4410402,25.7233787,node-4663110023
沙河,99.3564398,41.7159727,node-2616652562
沙河口,121.5870527,38.9249358,node-1659133907
沙河市,114.491162,36.8607508,node-8015997051
沙洋西,112.1578199,30.6551845,node-10296460423
沙海,119.4607,41.49519,node-1722109920
沙湖,106.3023987,38.7833022,node-10908191212
沙湾,111.4676607,30.4313207,node-9307694647
沙湾南,103.5402785,29.4146131,node-10284226399
沙湾市,85.606547,44.3212211,node-7371981474
沙马拉达,102.564078,28.2302453,node-2092190076
沟口,122.0200613,48.678074,node-1595854608
沟帮子,121.7702159,41.3591233,node-1582507161
沥林北,114.2248548,22.98177,node-6164244049
沧州,116.872441,38.3089457,node-12495257433
沧州西,116.7619627,38.3062792,node-8927836153
沭阳,118.7589445,34.1130788,node-1359421912
沱沱河,92.4458322,34.2331339,node-2637980508
河下,114.8486495,27.7961764,node-5395459676
河东机场,106.3818651,38.3217859,node-9307694650
河东里,99.7594203,40.411696,node-9076173200
河口南,103.4538719,36.1636975,node-6860465979
河唇,110.2974215,21.6987758,node-1692209441
河底,113.5646439,38.0023715,node-7875476426
河池西,108.1723535,24.7138375,node-10925993082
河汤沟,119.47035,41.28812,node-2336082790
河洛营,117.7298254,41.3789112,node-8428675868
河津,110.7202059,35.5876788,node-3625359690
河源,114.6782335,23.762174,node-1908080931
河源东,114.7327598,23.6861322,node-9329167795
河源北,115.0017758,23.8862282,node-8270803977
河边,113.0941462,38.6007812,node-1668749936
河间西,115.9498585,38.5040968,node-2351141703
河阳,107.4768886,26.1016287,node-8307755215
油溪,106.1448714,29.2034758,node-1586701922
治安,121.5034932,43.3483666,node-1720956554
治江,107.1988475,33.1190347,node-3024685469
沾益,103.803522,25.6087378,node-7704075804
沿河城,115.7136664,40.0982366,node-4014418189
沿滩,104.9277563,29.1846803,node-5278999839
泉吉河,95.7757966,37.4032154,node-3938893103
泉州,118.5632413,24.9759459,node-1879551038
泉州东,118.7658438,24.9247217,node-7137144036
泉州南,118.5801871,24.740034,node-6117524159
泉江,113.9468345,27.6630783,node-7217730860
泉沟,124.2587831,43.1798799,node-2340355357
泉港,118.8745713,25.1778147,node-11197080724
泉眼,125.5456102,43.8521501,node-9174163161
泉阳,127.534784,42.337438,node-2156363605
泊头,116.5812492,38.0608098,node-6336645319
泔溪,108.9553024,28.987426,node-1681825070
法启,105.5711297,27.0225586,node-7706681132
泗亭,107.4736513,25.2249069,node-7694405554
泗县,117.84475,33.5390897,node-9223366463
泗县东,117.9834156,33.4631577,node-9694086113
泗水,117.2555794,35.6363995,node-1613210002
泗水南,117.2761614,35.5351641,node-9255881277
泗洪,118.2136202,33.6080207,node-9223366462
泗阳,118.7087571,33.7559585,node-3483861809
泡子,122.3238701,42.2057571,node-1655741308
泥溪,104.273243,29.0091725,node-5774489263
泰和,114.9443427,26.8355774,node-2314116851
泰宁,117.1480404,26.9303282,node-2451367679
泰安,117.0292532,36.1719485,node-6844103016
泰安镇,119.5135293,32.4548885,node-8523165384
泰山,117.1031377,36.1865418,node-272494359
泰州,119.9755428,32.5311298,node-1608115664
泰来,123.4044008,46.389892,node-2343120220
泰达,117.6732298,39.0246324,node-11060854059
泸县,105.3203421,29.1670992,node-9289413242
泸州,105.4189642,28.9300087,node-9289413241
泸州东,105.6360803,29.0608341,node-10246926877
泽普,77.305448,38.1785438,node-7365811219
泾县,118.3834924,30.6607147,node-9524548104
泾川,107.3610882,35.348427,node-3640312753
洋县,107.3982021,33.1638024,node-1555369833
洋县西,107.5185584,33.2287078,node-3826011104
洋河,118.3625418,33.7909089,node-9223366460
洛东,108.8947062,24.4853098,node-8858748359
洛川,109.4423637,35.7634032,node-11124438464
洛川北,109.3496394,35.8191797,node-2958549709
洛浦,80.2138525,37.070772,node-8200685040
洛湾三江,106.8230806,26.6855789,node-5603764275
洛满,109.1860047,24.4094266,node-4730506523
洛碛,106.9202596,29.7247689,node-5549291108
洛羊镇,102.8364136,24.9387224,node-7704127889
洛门,105.020569,34.7542099,node-2953808115
洛阳,112.4299418,34.687322,node-1577895082
洛阳东,112.4797293,34.6984265,node-6757299733
洛阳龙门,112.4526879,34.5942768,node-742649914
洞井,113.0092975,28.09975,node-3410043451
洞口,110.613023,27.0986074,node-5559277119
洞庙河,117.6885176,40.570311,node-4017761230
洪安乡,104.3334612,30.7105292,node-8170642191
洪德,107.1347988,36.8090592,node-8575227169
洪梅,113.6126852,22.9831739,node-7063140880
洪河,133.4950741,47.603072,node-9129925023
洪洞,111.6653347,36.2621712,node-10065913554
洪洞北,111.7254299,36.2737891,node-3629306165
洪洞西,111.5757497,36.2553507,node-3012035857
洮南,122.8030835,45.3383817,node-1267537762
洲心,113.1277274,23.6953057,node-9330198478
流水沟,117.1378611,40.7048853,node-3956103722
济南,116.9851524,36.6708478,node-269797019
济南东,117.1538741,36.7484776,node-6184527923
济南西,116.8860045,36.668804,node-7733885005
济宁,116.5957199,35.3931284,node-808126191
济宁东,116.7508456,35.5240969,node-9354508777
济宁北,116.6082682,35.5245755,node-9354508778
济源,112.5674364,35.1110402,node-1577895059
浐灞,109.0022405,34.291349,node-9047044390
浠水,115.2364011,30.4354929,node-4268148332
浠水南,115.2354172,30.4136714,node-9691561173
浦口,118.7134658,32.0992966,node-10258400668
浦江,119.9779542,29.4933977,node-9302063145
浩良河,129.6311346,46.7263584,node-9137876523
浩门,101.440233,37.5698081,node-7276651835
浪河,111.2626121,32.4116035,node-3481416452
浮图峪,114.8274675,39.3658014,node-986905691
浮山,111.8389685,36.0716628,node-3629306800
浮梁,117.2268344,29.3524234,node-1675718434
浮梁东,117.455655,29.5138224,node-11237718201
海东,102.3894952,36.4675999,node-2987101482
海东西,102.0535164,36.5094823,node-3481030916
海伦,126.9882197,47.4652575,node-2344167670
海北,126.8695455,47.6680436,node-2344167669
海口东,110.3387166,19.9856837,node-5926619448
海坨子,124.0374988,45.2687136,node-1720394412
海城,122.7372002,40.8615169,node-2162861444
海城西,122.6544762,40.9122253,node-2747847515
海头,108.9895222,19.4960612,node-9192805748
海宁,120.6812691,30.5361562,node-9660934593
海宁西,120.3873789,30.4409526,node-7160108923
海安,120.4999592,32.5493041,node-1608115665
海安南,110.1275378,20.2447713,node-8440210940
海彦呼都格,116.052854,44.0622447,node-9072960142
海拉尔,119.7356021,49.2287551,node-9160197909
海拉尔东,119.82123,49.2542077,node-4517097848
海晏,100.9942406,36.867283,node-7291883688
海林,129.3802215,44.5647772,node-1603990125
海林北,129.3660783,44.6090673,node-9160197901
海浪,129.5474892,44.5381392,node-1604842612
海湾,121.5441535,30.8642698,node-3807901917
海石湾,102.8631084,36.3410931,node-1674414939
海门,121.1783968,31.9278785,node-7723064116
海阳,121.1753976,36.7168927,node-11247677912
海阳北,120.9561332,37.0688351,node-4269503699
海龙,125.8298644,42.6475727,node-4260941054
涉县,113.6620793,36.5774509,node-2328405923
涞源,114.7061022,39.3709772,node-1984410973
涟水,119.1915242,33.7774594,node-8517087075
涟源,111.670277,27.687925,node-1571743512
涡阳,116.2347793,33.4904494,node-8506140192
涧池铺,108.5900048,32.8303576,node-1556058477
涪陵,107.3293137,29.702421,node-1681825062
涪陵北,107.2731148,29.7730864,node-3499357609
涵江,119.1708416,25.4944032,node-7792857871
涵江北,119.0097225,25.6041363,node-2501331412
涿州,115.978183,39.479732,node-2329466304
涿州东,116.0473897,39.4586404,node-2753104419
淄博,118.0503244,36.7868463,node-6216630894
淄博北,118.0204488,36.8952457,node-9255881284
淄川,117.9691125,36.6589816,node-8463026934
淮北,116.7971485,33.9690204,node-8086787453
淮北北,116.8453667,34.0484726,node-3624924998
淮南,117.0140934,32.6328517,node-9226664101
淮南东,117.1450969,32.6477164,node-4530501190
淮南南,117.0359185,32.5442515,node-7881542047
淮口南,104.5740421,30.7349261,node-7212021584
淮安,119.0276463,33.6501398,node-1608116209
淮安东,119.1825411,33.5704179,node-4715013921
淮安南,119.0882996,33.5923381,node-11382812442
淮滨,115.4064347,32.5034545,node-2370486194
淮阳南,114.8962154,33.5048399,node-11903900434
深井,113.4039831,23.0690597,node-12756930949
深井子,123.6463225,41.7836339,node-2349656769
深圳,114.1120945,22.534276,node-7097725032
深圳东,114.1144127,22.604916,node-1942735574
深圳北,114.0239469,22.6120365,node-5369745039
深圳坪山,114.3221962,22.7103736,node-6708684808
深州,115.6078348,38.0108684,node-8419766774
深汕,115.0821762,22.872653,node-11187346227
清凉店,115.8514832,37.6777096,node-2329491728
清原,124.930121,42.1029708,node-9176129494
清城,113.0607505,23.6560817,node-9198249301
清徐,112.3070317,37.5566794,node-4074604854
清水,99.0557373,39.354247,node-2987122994
清水北,99.0965415,39.3734766,node-2987124106
清水县,106.1024983,34.7522542,node-3652362095
清水沟,104.3214671,26.8326216,node-4242361469
清水河西,104.8838246,25.2937309,node-6317462181
清河,120.396477,42.8299008,node-9122624806
清河城,115.6809487,37.0634027,node-2351141706
清河门,121.4145795,41.7744551,node-6360386937
清河门北,121.4100294,41.7925291,node-9171411678
清泉南,97.5750261,39.9775361,node-2987130536
清流,116.8103169,26.2183242,node-7780346114
清涧县,109.992827,37.1664108,node-3029484273
清远,113.1294626,23.6962855,node-8401357506
清镇西,106.376122,26.8050308,node-8204698626
渑池,111.7810124,34.7542621,node-3006156365
渑池南,111.7682705,34.686304,node-742843780
渠县,107.0088792,30.8079184,node-1586077432
渠旧,107.57855,22.51781,node-1577103532
渠黎,107.7884945,22.5571544,node-1577103533
渡口,101.6999781,26.571856,node-5232371900
渡市,107.2792391,31.0276405,node-1586077383
渤海,122.096291,41.1495069,node-7919565711
温家圳,116.1060297,28.3599324,node-2279178858
温岭,121.3208306,28.4821963,node-7714110154
温岭西,121.2932326,28.3974576,node-13506799194
温州,120.6810513,27.9833239,node-7699195680
温州北,120.6913314,28.0710301,node-7714110150
温州南,120.5816138,27.9692843,node-7693453988
温春,129.4945657,44.4332844,node-1604842622
温根托海,119.4871258,48.018725,node-9125461475
温江,103.8118939,30.6374135,node-6419220951
温泉,102.4795234,24.9623002,node-274366810
温都和硕,118.2730982,43.5948024,node-9119790821
渭南,109.488461,34.485849,node-1530850987
渭南北,109.4758783,34.5368984,node-4610089689
渭南西,109.4358632,34.4794843,node-2928746355
渭南镇,105.633803,34.6897716,node-3650389613
渭沱,106.1769444,30.0293138,node-7212001155
渭津,125.2731608,42.7909029,node-2327447500
渭源,104.2256059,35.0972158,node-3945255057
湖口,116.2797775,29.7316952,node-2381264576
湖头,118.0243079,25.2444409,node-1529879353
湖州,120.0175765,30.8650941,node-7342299452
湖州东,120.1747945,30.8193093,node-11384902252
湖州南浔,120.4030372,30.8298372,node-9509731910
湖潮,106.523059,26.443011,node-2341894810
湖潮东,106.5098824,26.4356023,node-7625091629
湘乡,112.5236517,27.748313,node-10120263994
湘府路,113.0228042,28.1140311,node-3410043452
湘潭,112.908008,27.8795685,node-1579354024
湘潭北,112.9371336,27.9682705,node-2953763267
湛江北,110.3533215,21.2210582,node-9673791219
湛江西,110.2838474,21.2456349,node-7285032809
湟源,101.2399641,36.683997,node-3143360453
湾沚南,118.5799885,31.0949198,node-9242148034
湾沟,126.895897,42.063808,node-1575631515
溆浦,110.5733689,27.929719,node-5025277632
溆浦南,110.5880872,27.6085165,node-2953786996
源潭,113.197031,23.6650843,node-8308266743
源迁,118.0234864,36.4190637,node-9246201049
溧水,119.0909653,31.6813415,node-2726898124
溧河,112.5193924,32.9151957,node-8485965947
溧阳,119.4976825,31.3879622,node-3411457487
溪口,121.2387461,29.633583,node-11309716844
溪洞,129.5960893,42.9102367,node-1590462570
滁州,118.3149427,32.1999745,node-7733885002
滁州北,118.3225366,32.310393,node-8454361479
滑县南,114.485592,35.226408,node-2371670080
滑浚,114.5470833,35.6175133,node-8745338480
滕州,117.1474099,35.0805425,node-8455171506
滕州东,117.2519476,35.090955,node-9262897538
滠口,114.3460625,30.7286647,node-5175991194
满归,122.0674186,52.0349302,node-9126260275
满洲里,117.44403,49.5841146,node-9160197905
滥坝,105.03128,26.54421,node-2323335369
滦县,118.6997666,39.7569243,node-7781338009
滦县东,118.741609,39.755586,node-8431451882
滦平,117.3097637,40.9216879,node-829690974
滦平东,117.3656617,40.9922689,node-3956223616
滦河,118.6664507,39.8528873,node-9276824793
滦河沿,117.5392712,41.0799737,node-4069797689
滨州,118.0122142,37.4532549,node-4391676555
滨江,126.6566468,45.7792087,node-2333085938
滨海,117.6787732,39.0034792,node-3657675426
滨海北,117.7557697,39.2351206,node-9276824795
滨海港,119.8550207,34.0599069,node-4050163561
滨海西,119.564812,25.9107251,node-9521852853
滩头,117.1592212,36.766472,node-12088621613
滴道,130.8256951,45.3437805,node-9137873811
漕泾,121.4089197,30.8075513,node-7161813538
漠河,122.4977008,52.9865751,node-9129186254
漫川关,110.0702489,33.2580568,node-9916166802
漫水湾,102.1647301,28.2109576,node-274389775
漫流河,113.3165666,36.378483,node-8398813632
漯河,114.037324,33.572327,node-2504111813
漯河西,113.9575982,33.5743677,node-8401357510
漳县,104.1556001,34.7181801,node-8087439266
漳州,117.7113175,24.4598069,node-5100559665
漳州东,117.7400172,24.567645,node-5100559165
漳平,117.4146661,25.3085418,node-1583788094
漳平西,117.3556996,25.3252672,node-4665343367
漳浦,117.5581513,24.0991136,node-9258885993
漾濞,99.9623101,25.662821,node-8341144774
潍坊,119.0915313,36.6961413,node-6210210278
潍坊北,119.1894236,36.7957983,node-6210230208
潘家店,117.8162434,40.6737517,node-4017721420
潜山,116.6120547,30.5763052,node-8498519355
潜江,112.9336844,30.3920632,node-3053778847
潞城,120.045094,31.757394,node-5369293359
潢川,115.0971579,32.1137085,node-2370486196
潭岗,115.9029359,28.3304839,node-2279183015
潮南,116.5278279,23.1362514,node-10554312381
潮安,116.6917309,23.4763101,node-5878389518
潮州,116.5793376,23.6417484,node-5610619680
潮水,127.3645663,49.730988,node-9129186244
潮汕,116.5828304,23.5424042,node-5951170198
潮阳,116.4173818,23.3833607,node-2832361211
潼关,110.2428107,34.5369104,node-2940217737
潼南,105.8741847,30.2223955,node-4970347697
澄城,109.9333877,35.2868879,node-3204579638
澧县北,111.5988868,29.8219977,node-2492511750
濑湍,107.49762,22.44807,node-1577103508
濮阳,115.0184253,35.7411525,node-9322545567
濮阳东,115.1440711,35.7655678,node-9240662213
瀼河,112.85662,33.6988205,node-5023697012
灌云,119.3028783,34.2893831,node-8517238165
灌南,119.2744587,34.1001237,node-8517087057
灌水,124.5606494,40.8600527,node-9174163138
灞桥,109.0551595,34.3019136,node-2741208696
火烧寨,106.7716019,35.0407926,node-1783909023
火石泉,93.3764291,42.909331,node-9524436508
火连寨,123.73442,41.35859,node-2349633625
灯塔,123.3115393,41.4280914,node-9178344030
灯芯桥,113.6710364,27.6246651,node-7217730129
灰埠,119.6665096,36.9765089,node-10536348992
灰腾梁,116.0625834,43.481434,node-9072960156
灵丘,114.2160762,39.4610683,node-1984410980
灵仙庙,104.485374,30.5777437,node-8172983656
灵宝,110.8906495,34.5106864,node-2940283499
灵宝西,110.6836563,34.5779763,node-7238008797
灵山,123.0422905,41.1914207,node-2349464752
灵川,110.309945,25.3978904,node-8154570916
灵武,106.3629678,38.1577011,node-4071295751
灵武北,106.3122565,38.1344131,node-9307694649
灵璧,117.5347477,33.6013546,node-9223366464
灵石,111.7653483,36.8597105,node-4076265640
灵石东,111.9093864,36.8793321,node-3012063591
炉桥,117.2254973,32.5540593,node-4341556670
炎陵,113.7785386,26.5034613,node-3360858461
烟台,121.3774774,37.5475659,node-582812869
烟台南,121.3871552,37.4312938,node-3315767559
烟台西,121.0495084,37.6571931,node-8259765804
烟筒屯,124.1546746,47.0015617,node-6352086335
烟筒山,126.02471,43.2837297,node-1548856852
热水,119.269669,42.137648,node-1720956504
焉耆,86.5439791,42.0749339,node-7363504701
焦作,113.2287096,35.2225958,node-1577895039
焦作东,113.5847712,35.0350192,node-7095306037
焦作西,113.0559468,35.2089371,node-8061296290
煤田,121.3129169,49.4777769,node-1595119248
照福铺,103.3660135,25.4151391,node-7705012465
熊岳城,122.1426487,40.1797463,node-9178344022
燕子砭,105.94013,32.9186,node-1532826997
燕家庄,117.2701987,36.1941831,node-9246201042
燕山,115.9674631,39.7184583,node-5402957177
燕岗,113.2659907,23.0786846,node-6491001289
燕湖,113.0842547,23.6727957,node-9330198479
燕郊,116.8198143,39.9410098,node-8431451892
爱河,129.7102463,44.5640413,node-5397256695
牙克石,120.7311845,49.2770342,node-9126260266
牙屯堡,109.6198295,26.1357478,node-12981824330
牛坪子,101.8201313,26.6352492,node-1558444945
牛家,126.7304037,45.3481813,node-2503795707
牛家营子,118.4469331,42.2169479,node-1721802919
牛庄,122.5130296,40.9321011,node-9169258496
牛心台,123.8879537,41.3458313,node-2349633632
牛栏山,116.64244,40.2021674,node-7805088031
牛汾台,120.2419755,46.8718824,node-4996997513
牛河梁,119.3927944,41.1940677,node-4507807331
牛街庄,102.777121,25.0085726,node-13536002156
牛车河,110.994977,29.0340034,node-7249740473
牟平,121.6461119,37.4233064,node-3315768037
牡丹江,129.6051496,44.5890935,node-1603990218
牧原,121.1264004,49.406569,node-1595119272
特门,95.6795262,37.499972,node-3938893109
犀浦,103.9704587,30.7595296,node-7951474426
犀浦东,103.9885548,30.7390304,node-7780217729
犍为,103.9571804,29.3510787,node-7434696459
独山,107.5435588,25.8674085,node-4796143753
独山东,107.5738319,25.8627773,node-10925473050
独立屯,124.8426576,46.5711514,node-1731938265
狮子山,120.5443657,31.2974051,node-7101512616
狮子营,113.5436958,35.2503724,node-6741256807
狮山,121.5150507,29.7664413,node-9921915236
狮山北,112.9660265,23.1563568,node-6169134981
狮岭,113.1430717,23.45667,node-8166487690
狼尾山,97.9952762,39.4761809,node-1810630880
狼山,115.6818241,40.3514644,node-9509616898
狼窝铺,118.2887784,39.8402338,node-7777165765
猛洞河,109.978137,28.6895224,node-1613271748
猴山,117.0230998,40.8141692,node-3956103744
玉屏,108.930696,27.243059,node-1579354027
玉山,118.2313054,28.6633101,node-2453820732
玉山南,118.2881073,28.6500774,node-4610047848
玉林,110.15236,22.600073,node-1541942455
玉林北,110.24472,22.7259273,node-11330687699
玉泉,127.1558697,45.4145978,node-1603990313
玉泉镇,81.2985852,36.8902263,node-8200737579
玉溪,102.5111152,24.3421418,node-3695399273
玉溪南,102.5138204,24.2779611,node-3695399272
玉溪西,102.525326,24.355417,node-9182286767
玉环,121.2624372,28.1927071,node-13506807366
玉田南,117.8083825,39.6963116,node-6124510824
玉田县,117.7286232,39.8810654,node-8431451889
玉石,104.1647607,30.6149784,node-13380390399
玉舍,104.8096744,26.4727137,node-3192432224
玉门,97.0438984,40.2715881,node-1600348026
王兆屯,126.6443828,45.7286233,node-2333085949
王团庄,105.980853,36.902409,node-1783909052
王场,104.674758,29.071885,node-8182147877
王安镇,114.9366062,39.4074085,node-1984411008
王家坝,107.0258251,29.7478928,node-1681825156
王家寨,111.2863179,38.9826866,node-4587890202
王家湾,118.8331103,32.0875442,node-9164951630
王家营,102.8425047,24.9255639,node-11147677811
王家营西,102.823856,24.9212668,node-1534144161
王岗,126.5393119,45.6692303,node-2348271088
王庄,113.0339226,36.3708254,node-10885859823
王府,125.0000112,44.87934,node-2375041163
王杨,127.9192702,46.968325,node-2154670872
王楼,115.7848665,34.0092607,node-8417601177
王瞳,116.1572992,37.5394216,node-2329491732
玛纳斯,86.1937285,44.2482119,node-7372014523
玛纳斯湖,85.8756745,45.9115856,node-7368677851
环县,107.3704469,36.5158879,node-8315153934
环江,108.168048,24.8560948,node-10925578497
珞璜,106.4308943,29.333699,node-3191147592
珞璜东,106.4953406,29.2717691,node-10313421895
珞璜南,106.4381953,29.3022823,node-3695372229
珠斯花,119.6708754,45.5623658,node-3283374417
珠海北,113.5468823,22.4037481,node-7710011717
珠玑,121.3251706,37.5440169,node-6176057517
珠玑巷,114.3585091,25.2127095,node-3797733202
珠琳,104.6253776,23.9680994,node-5208598915
珠窝,115.7937949,40.0500651,node-9265808484
班猫箐,103.1995552,24.9332189,node-8334266955
理家坪,111.6579619,25.6668422,node-8744501964
琥市,116.6164827,24.6299413,node-9980091036
琥珀湖,123.6886632,41.7990475,node-12335042105
琵琶湖,116.062002,29.7315745,node-2509914529
琶洲,113.3631601,23.1030226,node-12712336083
琼海,110.4876438,19.241613,node-3921776006
瑞安,120.5770218,27.7699263,node-7714110148
瑞昌,115.6662461,29.6913712,node-1769587484
瑞昌西,115.6289618,29.6626294,node-3438554349
瑞金,116.0511085,25.8665598,node-2837798894
璧山,106.2207032,29.5066589,node-3500459008
瓜州,95.7724432,40.5665802,node-1601166970
瓜房子,111.4320061,40.7290535,node-9509616899
瓢儿屯,123.7901849,41.8410903,node-9174531416
瓦屋山,119.269235,31.5609914,node-2760645643
瓦房,121.748085,43.4095098,node-9506868286
瓦房店,122.00313,39.623735,node-1660110953
瓦房店西,121.8330306,39.6557663,node-9179735859
瓦拉干,124.5393395,52.5876567,node-9129186258
瓦石峡,87.3819098,38.7130136,node-8204071009
瓦祖,102.5523807,28.2073504,node-2092190117
瓦窑坝,109.800429,40.7385329,node-9111251395
瓦窑田,104.6427047,25.3903966,node-6306262843
瓷窑湾,110.1832457,39.3461532,node-3685511918
甘旗卡,122.3501708,42.9563025,node-1655741289
甘棠,117.0978982,28.8482047,node-1675935499
甘河,123.051714,50.6285205,node-9126260258
甘泉,109.3472199,36.26085,node-1607295752
甘泉北,109.34053,36.2780701,node-3029246484
甘洛,102.7606076,28.9814208,node-2092189953
甘洛南,102.7900198,28.9320799,node-7702806061
甘草店,104.2876025,35.7950267,node-12981658799
甘谷,105.3284065,34.7639221,node-2953819421
甜水堡,106.8092,37.1361623,node-8575228362
田丁,106.3965823,24.1497818,node-8293209400
田东,107.1252179,23.6304765,node-9186758537
田东北,107.1378102,23.6856926,node-4039429524
田师府,124.3340807,41.23931,node-4507679121
田庄,117.9275465,39.4125235,node-9274358858
田心东,113.1242171,27.8993677,node-8480158176
田林,106.2305913,24.2882376,node-8314461909
田梁子,103.9612177,27.5557448,node-8323790616
田王,109.1125837,34.2979526,node-9336811135
田阳,106.9323601,23.7688387,node-1568905666
甲山,118.2594538,40.7872069,node-5405983948
甲猫,107.5075086,25.9554294,node-8307828067
申家店,130.6497794,46.5956644,node-2329802063
电白,111.1388846,21.7067481,node-9192805736
甸尾,101.7382183,25.1920018,node-4528283539
甸心,101.7185017,25.3195903,node-1758381620
画桥,117.03886,28.51622,node-1675935502
界山,128.6457563,47.014616,node-2154670849
界首南,115.3197565,33.2244659,node-12739050370
界首市,115.3716266,33.2693537,node-4772248243
留庄,112.502915,34.9350945,node-6745913092
略阳,106.1419121,33.3328393,node-2324653292
番禺,113.2702127,22.9924638,node-8954286527
畲江北,116.0167718,24.062628,node-13061379939
疏勒,75.9916028,39.3820982,node-7365811224
疏勒河,96.8692699,40.4296706,node-1600775333
登沙河,122.063584,39.2209907,node-1659252249
登瀛崖,104.7270888,29.9098506,node-8173071072
白云北,106.6591383,26.7066682,node-3060364299
白云机场东,113.3147363,23.3671276,node-4740080195
白云机场北,113.300523,23.3975564,node-9198249305
白云机场南,113.298076,23.3857638,node-4740080193
白云湖,113.2329367,23.2275077,node-12690215352
白云西,106.6093969,26.7039158,node-9414290759
白云鄂博,109.9517008,41.771294,node-2662698080
白合,112.54047,34.8510196,node-1577894997
白土岗,106.4168633,37.727413,node-11909987360
白城,122.8591067,45.6156263,node-1730851478
白塔,111.8378806,40.8685032,node-9509616896
白塔村,102.5424705,24.8039269,node-7706586838
白壁关,111.70504,37.13379,node-2328374339
白奎堡,126.9979096,46.3695464,node-2662698055
白山东,126.4858931,41.9856769,node-10556364298
白山乡,123.26691,47.2826369,node-2662698063
白山市,126.4523087,41.9501263,node-6270597083
白市,123.4324138,43.5468076,node-9171411679
白市驿,106.3728506,29.4790684,node-3500309897
白彦花,109.2901359,40.6268047,node-2662698071
白彦花西,109.1956177,40.6266413,node-12712693775
白文,111.0525063,38.1244898,node-4066589962
白文东,111.0903299,38.1521543,node-4067925706
白旗,117.6657313,41.1573153,node-4069797691
白果,102.6023543,28.8141825,node-2092189933
白桦排,124.187556,50.244948,node-2662698051
白水县,109.6988374,35.3533181,node-3204579685
白水江,106.0783516,33.5754243,node-2373005111
白水河,105.2889858,25.0141639,node-8320810075
白水镇,104.0017136,25.6627928,node-1759329282
白沙,106.127832,29.076789,node-1586701862
白沙坡,103.86608,25.66054,node-1964179109
白沙铺,115.069928,29.9607309,node-4040273119
白沟,116.0866639,39.0859629,node-3947949904
白河东,110.1092466,32.8064721,node-3074370255
白河县,110.0928902,32.8359676,node-2662698050
白泉,124.9955833,42.9243937,node-2327447484
白洋淀,115.8685484,39.0686429,node-9269060395
白涛,107.4655037,29.5747369,node-1681825045
白涧,115.2835837,39.6450835,node-1984410959
白源,113.8963841,27.6477036,node-2445668931
白狼,120.0951037,47.0472162,node-1730851489
白石山,127.55496,43.58006,node-1590460679
白石岩,102.6084434,28.7583386,node-2092189940
白羊墅,113.6432433,37.8476994,node-7878290430
白腊寨,105.3004719,23.8540355,node-4039917216
白芨沟,106.13656,39.11819,node-2662698053
白蜡坪,107.2689902,31.0716009,node-4267158584
白银南,104.1791761,36.4784564,node-9049173488
白银哈尔,113.01422,42.11712,node-2662698074
白银市,104.1672095,36.558415,node-7773474954
白银西,104.0964455,36.5495202,node-840181276
白音他拉,120.8273513,43.0710551,node-1720956437
白音华南,118.4496311,44.7690627,node-9069903374
白音察干,113.1778913,41.45356,node-843202345
白音库伦,116.1097533,43.2825551,node-9072960155
白音胡硕,121.4348111,45.0131878,node-9123967439
白马,107.5567379,29.407993,node-1681825030
白马井,109.2499509,19.6604299,node-3926580651
白马北,104.9911135,29.5439199,node-5670951192
白鸡坡,104.7468982,26.4304417,node-2323960862
百口泉,85.4218423,45.6619343,node-6332778289
百宜,106.929348,26.8261814,node-3740824339
百浪,108.4524633,22.368064,node-2661130698
百色,106.6607247,23.8881479,node-7775792085
百里峡,115.3874497,39.6822072,node-4069810143
皋兰,103.9408028,36.3371754,node-9118892082
皮口,122.3345891,39.4298034,node-8934540859
皮口南,122.35594,39.40719,node-1659252280
皮山,78.2818548,37.5646142,node-7365811216
益阳,112.3363447,28.5415819,node-1613124736
益阳东,112.3849332,28.5115345,node-7266064582
益阳南,112.3214783,28.5181988,node-9521850456
盐城,120.1796099,33.374672,node-7682857921
盐城北,120.0976829,33.4501223,node-4050200104
盐城大丰,120.3364433,33.1859405,node-8172569885
盐池,107.3429587,37.7338669,node-3589647960
盐津,104.2118025,27.9996071,node-1964179112
盐津北,104.2403893,28.0816893,node-5031688328
盐边,101.852799,26.6571165,node-5230059148
盖州,122.3284131,40.4176743,node-9178344023
盖州西,122.2690403,40.4028941,node-2427157471
盘关,104.4995286,25.8925639,node-2323529378
盘古,123.8720533,52.7031548,node-1252110339
盘古寺,112.5842149,35.164973,node-3860370992
盘山,122.1838796,41.2576218,node-9167905923
盘州,104.5665842,25.7946763,node-3328330805
盘锦,122.0577782,41.1959285,node-9169258499
盘锦北,121.8025835,41.3332488,node-11630746913
盘龙城,114.2542538,30.7030166,node-11128968106
盛泽,120.5642262,30.9092789,node-11672638199
相思河,106.88062,26.7675606,node-3740824338
眉县东,107.8377036,34.2728106,node-2999331938
眉山,103.8104039,30.067462,node-1588514451
眉山东,103.8210625,30.0705144,node-11810702108
睢宁,117.9314732,33.9538577,node-7127162182
睦村,113.9200964,26.6383067,node-3362903229
石丫口,104.5842553,26.7507814,node-8320580347
石人,126.5462793,41.9535259,node-2156363606
石人城,126.8906338,46.2978544,node-2344167673
石嘴山,106.3771136,38.9573318,node-10908431434
石嘴山南,106.4176726,38.9155588,node-9118892113
石圪台,110.125215,39.4178815,node-3685511917
石坝,114.5906492,23.5240628,node-7882547955
石城,124.3038056,40.6321931,node-1592559602
石城东,116.3449593,26.300227,node-4019707142
石大关,103.7127165,31.8683762,node-10574674381
石头,129.3295662,44.1753394,node-1604842619
石子坝,108.5760555,29.4924983,node-1681825135
石子山,106.4409542,29.8576079,node-6989639107
石家,126.1371553,42.8605401,node-7923463040
石家庄,114.4781291,38.0095033,node-7735515019
石家庄东,114.6213979,38.0496512,node-2329423073
石家庄北,114.4592385,38.065936,node-3628253437
石山,121.5299304,41.230668,node-1582507268
石岘,129.7819788,43.0781938,node-1590460741
石岭,124.6971603,43.0887368,node-2327447496
石庙沟,108.9203937,32.6473614,node-3085823464
石景山南,116.2090173,39.8736712,node-1189200434
石板哨,106.6320931,26.4658112,node-2341894813
石板墩南,95.9202595,40.8838889,node-3688860638
石板滩,104.2644148,30.7247867,node-3195094192
石林,103.32753,24.86571,node-1569661844
石林南,103.2763076,24.8651142,node-8334226623
石林西,103.2410111,24.6600116,node-3695429386
石柱县,108.0932055,29.9674225,node-3499352412
石柱槽,107.5938809,31.4567934,node-8173675279
石桥,114.2596696,30.6333839,node-9402057346
石桥子,123.7176156,41.4495379,node-2349633663
石桥镇,104.5186259,30.4200907,node-8172962880
石梯,107.1480641,31.2435096,node-5351319497
石楼县,110.7965585,36.9686194,node-4074614572
石河子,86.0604894,44.2674834,node-7371981475
石泉县,108.246756,33.0310968,node-1556058499
石滩,113.7800816,23.172782,node-8383166681
石牌,113.3651286,23.1433193,node-8383166684
石脑,119.537094,41.4487183,node-1722109925
石郎庄,118.35396,39.8630882,node-8431451886
石长,128.3164557,46.9346017,node-2154670863
石门县,111.3732713,29.5911043,node-12981749290
石门县北,111.4279963,29.60279,node-4812631025
石门坎,118.8196412,32.0195816,node-13059514808
石门子,121.578423,48.5384074,node-5239598839
石门村,109.7833776,41.0371649,node-9111251391
砀山,116.3248005,34.4173276,node-7949727291
砀山南,116.2978738,34.3873627,node-7232690207
砚川,109.8757553,34.0263337,node-2940517352
砬子河,127.6937843,42.511353,node-2156363603
硬石岭,117.073726,28.4494244,node-1675935548
确山,114.0306577,32.8036647,node-3303805636
碧州,124.6065692,51.9484849,node-2662698150
碧江,113.2571916,22.9524868,node-7710011708
碱厂,124.3985152,41.2184081,node-9174163135
碱柜,106.7585093,39.9308916,node-9118904617
碾子山,122.8764486,47.5134285,node-1595854629
磁县,114.3660941,36.360112,node-2329407067
磁山,114.1111016,36.5973527,node-2662698274
磁窑,117.1006229,35.9014286,node-2662698277
磐安,120.4282781,28.9940246,node-11340620938
磐安南,120.3399299,28.9114469,node-8526666001
磐安镇,105.1179992,34.7607752,node-3840301027
磐石,126.0618975,42.9257594,node-1548856828
磨刀石,129.8402633,44.5693301,node-5344605877
磨心坡,106.4684202,29.857776,node-3500253632
磨憨,101.7174929,21.2539318,node-9847290915
磨盘山,129.6142863,42.9372956,node-1590464076
磴口,106.958294,40.3392752,node-10913546178
礼乐,113.0723451,22.5481535,node-1759460640
礼州,102.1915179,28.0537914,node-274389795
礼泉,108.4142839,34.4325404,node-2941777341
礼泉南,108.4032047,34.4629183,node-5761862716
礼贤,116.4316117,39.555011,node-11410594720
社棠,105.9812517,34.5524946,node-2954003072
祁东,112.0605399,26.762704,node-5141988543
祁东北,112.1197496,26.7845989,node-2644149545
祁县,112.3245542,37.3458769,node-5238964683
祁县东,112.3506576,37.3229598,node-9494299309
祁家堡,123.8110344,40.9263434,node-1662256010
祁门,117.7246028,29.848956,node-1675935522
祁门南,117.6942173,29.834343,node-11237678497
祁阳,111.826098,26.6124696,node-3975677440
祁阳北,111.8184874,26.7040229,node-2422697205
神东,110.2227767,39.2769581,node-3685511922
神农架,110.9098671,31.6310328,node-5575694848
神头,112.5439804,39.3582126,node-3143440866
神山,113.1959782,23.3317335,node-12690215353
神峪河,106.7923204,35.1294661,node-1783909044
神州,110.3034002,18.7265247,node-3923323853
神木,110.4490968,38.9367271,node-3685518443
神木北,110.4400332,39.039174,node-2361435747
神木南,110.481313,38.8591953,node-4533792902
神木西,110.0853085,38.9856216,node-3156214516
神树,128.4202909,46.9410054,node-2154670862
神池,112.1924443,39.0821049,node-3700491556
神池南,112.194337,39.078449,node-2361435771
祥云,100.5570817,25.4536954,node-8327654834
禄丰南,102.0622128,25.1227264,node-4528311945
福临堡,107.0910903,34.3850704,node-2280641769
福兴地,120.1860684,43.7488198,node-9119790817
福利区,103.6274913,36.0959354,node-4181709997
福利屯,131.1255628,46.7196391,node-9129925028
福安,119.7128302,26.8374358,node-5099753623
福山,131.4135528,46.9326494,node-13506343021
福山北,121.187077,37.5274313,node-6176057382
福山口,115.3345935,39.6732022,node-3221000847
福山寺,118.4300825,39.8756252,node-8431451885
福山镇,109.9143348,19.8783992,node-3926567133
福州,119.3156324,26.1168094,node-6999105218
福州南,119.3866957,25.9892567,node-7719582540
福巨,121.979152,43.6319752,node-9119773614
福德,117.7623844,25.2779737,node-1529879342
福泉,107.5322619,26.6283551,node-4933590191
福海,87.4592641,47.1213023,node-7368677843
福海西,113.7844909,22.6928022,node-7063140991
福清,119.3794399,25.678311,node-1878843430
福清西,119.2997579,25.7005482,node-9245320938
福港,117.262631,29.5021951,node-1675718407
福生庄,112.45545,40.96609,node-1597596182
福田,114.0511799,22.5413178,node-2310688619
福鼎,120.1846007,27.2855804,node-2479269524
禹城,116.6283417,36.924006,node-8455171495
禹城东,116.6856406,37.0628285,node-4039416861
禹州,113.5646653,34.1255719,node-5575721522
禹门口,110.6328028,35.6632334,node-3860616644
离堆公园,103.6215556,30.9962148,node-2981056888
禾家村,110.6270134,29.1751054,node-7249740472
秀山,119.3165164,26.1372637,node-9157637251
秀英,110.2716637,19.9982682,node-7639828443
秋梨沟,128.1504559,43.4925286,node-7160979270
科韵路,113.3730343,23.1199289,node-12712336082
秦安,105.6551787,34.8471947,node-3682215468
秦家,126.995894,46.7969773,node-2154670858
秦家庄,111.64608,38.8044,node-1698277429
秦岭,106.9011936,34.2350994,node-1546239752
秦王川,103.7663711,36.4703701,node-8243566657
秦皇岛,119.5863191,39.9648614,node-3523553900
秧草地,103.8350749,24.8229584,node-8334113899
程家,113.8455596,37.922102,node-4551025869
程村,109.5416146,25.7675906,node-7798353051
稷山,110.9895602,35.6125437,node-1609056541
穆棱,130.3533362,44.6105686,node-7188268787
穰东,112.2871279,32.8659882,node-1589812263
窑上,117.4020572,40.9823531,node-1553909153
窑村,109.1194455,34.3438591,node-2876178097
立志,124.5638939,45.9928417,node-1731938299
章丘,117.4939031,36.7221607,node-8436796782
章丘北,117.480555,36.8019776,node-9255881286
章丘南,117.4680668,36.5845614,node-10277066297
章党,124.0715861,41.9056987,node-9176129499
章古台,122.4795574,42.7033766,node-2340355365
端州,112.5083491,23.1133832,node-5652369240
竹园,103.3966512,24.116899,node-8168457079
竹料,113.3629548,23.3512259,node-6496315114
笔架山,130.9959504,46.7854556,node-2662698143
笕桥,120.2126119,30.3308393,node-2454049450
符离集,116.9803742,33.7616289,node-3624940373
策勒,80.831877,36.9731411,node-8200722743
简阳,104.5504139,30.3820506,node-2375939323
简阳南,104.515732,30.3563573,node-3500462638
算王庄,115.3020945,35.2527992,node-8445860961
米兰,88.8791478,39.1402879,node-7319259959
米易,102.1117,26.87857,node-1558444943
米易东,102.1259612,26.9095137,node-9846723811
米林,94.2117695,29.2315295,node-7329138461
米沙子,125.471,44.1456,node-2348271087
米脂,110.166246,37.750156,node-1606443999
精河,83.0220292,44.6353508,node-1902381604
精河南,82.9182885,44.605079,node-1902355169
索伦,121.2358047,46.601338,node-1730851586
紫荆关,115.1648172,39.4472179,node-1984411049
紫阳,119.3229527,26.0793183,node-7076285135
綦江,106.6604057,29.0202678,node-2327990932
綦江东,106.6587414,29.0262609,node-3695373142
繁峙,113.2671204,39.1647051,node-5279548424
繁昌西,118.1530398,31.0733641,node-9242148044
红光镇,103.9418288,30.7742866,node-9327370167
红兴隆,131.5878996,46.7234376,node-2329566268
红塘湾,109.2894425,18.3135364,node-12747906904
红安,114.6270668,31.005587,node-7199441361
红安西,114.6264446,31.0062169,node-7199441362
红寺堡,106.0605189,37.4482052,node-11757094632
红寺堡北,106.0579267,37.5997694,node-7707974988
红山,129.0190479,47.9805658,node-2154670847
红岘台,104.0973762,36.8052998,node-2340696419
红岛,120.1865494,36.2459437,node-5111172547
红峰,102.6193577,28.2862085,node-2092189972
红彦,124.9753369,49.5117247,node-6308154308
红旗,121.4358794,41.2023128,node-1582507174
红旗渠,113.8404771,36.1800198,node-3174472512
红旗营,123.9067988,47.1141797,node-2343318807
红星,129.3769502,48.2332233,node-6390678097
红果,104.461632,25.7176076,node-2323529366
红柳,94.638505,38.0961833,node-5010524114
红柳河,94.7238153,41.5320615,node-7369068583
红河,103.3507321,23.4536867,node-10091196499
红牌楼,104.0278509,30.6373596,node-13146678239
红石,119.5425,41.33284,node-2336082793
红砂坝,113.20365,40.68173,node-1694262013
红砂岘,104.0613815,36.6081149,node-9118892085
红花园,106.8468631,28.0685788,node-8308420534
红花塘,104.4775795,30.666703,node-1817420718
红花沟,118.6296427,42.243636,node-1720956480
纪家沟,118.1266924,41.9277311,node-844681837
纳林沟门,109.9080249,40.1255429,node-4071010316
纳雍,105.3716156,26.7593723,node-9329260397
纳雍西,105.3255898,26.7288232,node-9329260396
纸坊东,114.339192,30.3562461,node-2832809379
练塘,121.0265656,30.9973591,node-11672638207
织金,105.7582012,26.6573518,node-3426979825
织金北,105.7896174,26.7302728,node-7706681129
绍兴,120.575832,30.01673,node-1579354023
绍兴东,120.8489935,30.057183,node-5382282762
绍兴北,120.5344391,30.101974,node-7714110164
经久,102.2096696,27.7704449,node-8151140516
经棚,117.5299874,43.2709367,node-843276771
绕阳河,122.4589075,41.7928771,node-1655741317
绛帐,107.9540959,34.2738616,node-2999345285
统军庄,116.7477901,40.3410296,node-3182650877
统景,106.8694515,29.8586011,node-10313458329
绣峰,124.5988351,52.4930734,node-6316810853
绥中,120.3474006,40.3205397,node-6499134181
绥中北,120.318709,40.34713,node-1582507290
绥化,127.0094704,46.6432302,node-3768463959
绥德,110.2565659,37.5460105,node-1606221014
绥棱,127.0749392,47.2465879,node-2344167675
绥芬河,131.1289809,44.4037529,node-8948902792
绥阳,130.8927572,44.4262775,node-5082241584
继承,119.8862446,49.1835196,node-9125461470
绩溪北,118.5666847,30.0737828,node-9242148049
绩溪县,118.5790202,30.0583437,node-7272083204
绵竹南,104.2095709,31.2610952,node-4905588130
绵阳,104.714631,31.4621298,node-1742504939
绿化,98.2494857,39.8011715,node-2623959073
绿博园,118.7102574,32.0268513,node-9167211258
绿梁山,95.1053917,38.0072377,node-5010529881
绿潭,129.3723036,47.1126777,node-9137876524
缙云,120.0907266,28.6634976,node-7702364123
缙云西,120.0504827,28.6802532,node-7705042791
缯溪河,108.1483063,33.0342517,node-3024721310
罕台川,109.8641497,39.8964067,node-3045632030
罕达盖,119.4877931,47.4918256,node-9125461478
罗坊,115.114742,27.8634774,node-2279198906
罗城,109.1215251,24.8447438,node-5023447655
罗山,114.5450511,32.1681908,node-1095127254
罗平,104.3136005,24.9112502,node-4357371949
罗江东,104.5325992,31.3063344,node-3894496841
罗浮山,114.0648348,23.197315,node-10271063769
罗源,119.5721077,26.4591921,node-1895255830
羊坪,108.8209434,27.1758861,node-5514622812
羊堡,102.805208,24.971122,node-1534144162
羊尾哨,104.2333389,25.69114,node-8364176783
羊木,105.7732011,32.598515,node-3500351615
羊者窝,104.2740009,24.8339689,node-4357594762
羊草,125.4162874,46.3333078,node-9137873792
羊马,103.7563339,30.6204798,node-7715301466
美兰,110.4569775,19.944351,node-7639835673
美岱召,110.740046,40.583368,node-1694174655
美溪,129.1327907,47.6336057,node-9129186231
翠亨,113.5409425,22.4419789,node-9195330015
翠屏,104.5984219,28.7551336,node-1574205198
翠岗,124.686337,52.0418336,node-1252233949
翠峰,124.2623862,50.6180927,node-1252233939
耀州,108.9840639,34.90976,node-3697044208
老城镇,110.1132089,19.9338974,node-3926574381
老堡,109.4756377,25.6715356,node-7794871061
老府,118.2655478,42.1853465,node-1721802918
老松岭,129.3816502,43.8242334,node-4373641710
老河口东,111.7364504,32.2211193,node-3483188021
老爷岭,127.1828199,43.9247616,node-2332707897
老羊壕,109.8357967,41.3915256,node-9111251387
老莱,124.9990548,48.6489298,node-1593383661
老营,126.3478938,41.87724,node-2381432148
老边,122.3631959,40.6732981,node-2349495350
老锅厂,103.9557452,27.0268037,node-1964642673
者桑,106.0148725,23.7618008,node-8329596501
耒阳,112.8175385,26.408026,node-8308266740
耒阳西,112.7830495,26.4175812,node-8393714002
耿坡,112.1151727,32.3158323,node-8018359583
聂河,123.5593117,52.7597628,node-1252171808
聊城,115.938162,36.4572988,node-6225072999
聊城东,115.9780714,36.5059238,node-6427566587
聊城北,115.9254698,36.5026617,node-2651716243
聊城西,115.8762697,36.431229,node-10650882519
联合乡,102.4648535,28.2747802,node-2092190005
聚源,103.6993745,30.9357833,node-9327370165
肃北,94.7709417,39.5411087,node-5010493644
肃宁,115.8447707,38.4141592,node-2351141710
肃州,98.6492443,39.7452926,node-9265488875
肇东,125.9927318,46.0755235,node-3701360574
肇庆,112.4458361,23.0847101,node-7453106321
肇庆东,112.6581162,23.2173959,node-9195330007
肥东,117.4799073,31.8640865,node-9242148038
肥西,117.1372819,31.718375,node-10120263982
肯德隆,98.8877732,36.9808208,node-7319236185
背荫河,126.9916568,45.1678703,node-2333085937
胜利镇,127.9873323,45.7866342,node-5697139253
胜芳,116.7534957,39.1376536,node-3949357977
胡家营,110.2116989,32.810238,node-4780859367
胪滨,117.5356145,49.5494584,node-678741516
胶州,119.9939105,36.2979002,node-2333425138
胶州北,120.0505364,36.3960111,node-6201492201
腰栈,117.866262,41.8557311,node-8428776172
腻革龙,103.7541113,23.8928898,node-8329750085
腾桥,116.4862673,27.7802423,node-2501364616
自贡,104.8782438,29.3574416,node-8599259653
自贡北,104.7885224,29.3587919,node-8869317179
舍伯吐,121.957004,44.020842,node-2576637054
舍力虎,120.659708,42.7457043,node-1720956513
舒兰,126.9484524,44.4057581,node-2332808254
舒城,117.1543985,31.511333,node-1642883470
舒城东,117.042042,31.4869977,node-9987644050
艮山门,120.1797999,30.284487,node-13475207680
良乡,116.1506449,39.7398213,node-8313484663
良各庄,115.9319805,39.7196151,node-1984410977
良村,114.6682013,38.0419812,node-8404726229
艾不盖,109.8540583,41.528682,node-2662697998
艾河,114.541334,39.3923229,node-1984410958
芙蓉南,112.9905859,28.0368827,node-3410043448
芙蓉镇,109.9820151,28.7730232,node-9544816608
芜湖,118.3860019,31.349784,node-9235207765
芜湖北,118.2507481,31.3574512,node-4592096951
芜湖南,118.3742206,31.2506335,node-7791053789
芝兰庄,119.8739938,36.3324969,node-4052272789
芝罘,121.3371502,37.4644676,node-6382928235
芝阳,110.3296217,35.3725823,node-2958239181
芦台,117.8391161,39.3283901,node-3953290518
芦官,106.489136,26.4275282,node-7625091630
芦家庄,113.0474714,37.7353818,node-1668749950
芦家村,113.19643,41.38043,node-1596389960
芦庙,115.7799451,34.0413881,node-9524178595
芦沟,104.3815907,24.9511156,node-8333280957
芦洪市,111.4799222,26.6215396,node-8742776881
芦溪,114.0471827,27.6550315,node-1579621877
芨岭,101.7885983,38.5302445,node-9524455331
花博山,125.0431895,41.1427783,node-9174163141
花园,113.9714439,31.2466839,node-4448663390
花园口,122.6090955,39.5509403,node-7934261997
花土坡,103.8385528,27.253229,node-8320421139
花城街,113.2317623,23.4287802,node-9198249307
花家庄,104.4804043,25.7880409,node-9182286755
花山南,114.5076646,30.5307508,node-3377805383
花山镇,113.2632333,23.4280279,node-9198249306
花庄,116.6890142,39.8553801,node-6930098785
花果,110.6650061,32.648352,node-3080266547
花桥,121.0998583,31.3012385,node-8992739373
花楼坝,107.8591132,31.793692,node-7713641010
花湖,115.0169351,30.2635373,node-3097124894
花溪南,106.6771739,26.4015162,node-3740822592
花溪大学城,106.6223698,26.3977398,node-7625151870
花溪西,106.5146077,26.5243864,node-7625091631
花都,113.1973841,23.3798718,node-9198249309
芷江,109.6554319,27.4586155,node-2953799860
苇子沟,129.6707961,43.0288589,node-1590460765
苇河,128.3732097,44.9503589,node-1603990260
苇河西,128.35693,44.9319495,node-9160197903
苍南,120.40836,27.5313093,node-7714110146
苍坪,103.9792453,27.6929278,node-8323744547
苍溪,105.9121679,31.7626677,node-3596013093
苍石,124.5148,41.9855,node-2662698165
苏吉达巴,119.4132998,45.3135164,node-9069903366
苏坂,117.2747939,25.3148154,node-4658270870
苏宏图,104.1602262,41.2462284,node-7473373517
苏家屯,123.349455,41.6602786,node-9174541218
苏尼特左旗,113.6073717,43.8814852,node-5045240332
苏州,120.6066762,31.3318827,node-5218876252
苏州北,120.638926,31.4237197,node-2716410468
苏州南,120.7949403,31.0655557,node-10120264001
苏州园区,120.7066034,31.3426521,node-9242148028
苏州新区,120.5205799,31.3739426,node-5158381514
苏干湖,94.3714106,38.888561,node-5010512120
苏雄,102.8708482,29.1492683,node-12373618023
苏集,113.1068999,40.8983292,node-3465652749
若巴谷,100.1696352,24.8237447,node-8342179669
若羌,88.2497299,39.0035527,node-7319259957
苦水沟,94.7997138,38.091839,node-5010529569
英吉沙,76.1620304,38.9679662,node-2783387970
英库勒,86.9162214,40.9231682,node-7319353485
英德,113.4340672,24.1616458,node-8308266742
英德西,113.3448911,24.1625143,node-2764430330
英额门,125.0749092,42.1694834,node-2327511902
苹林,117.0879844,25.1766519,node-5864577432
茂兰,100.2113315,24.5719178,node-8342297903
茂县,103.9424872,31.7279208,node-5151602754
茂名,110.9241263,21.6453937,node-1641859651
茂名东,111.006117,21.6727605,node-8973864195
茂名南,110.9800266,21.6015204,node-10316979437
茂名西,110.843789,21.683759,node-1641859659
茂林,123.3957982,43.976248,node-9506868290
茂舍祖,103.4154802,24.8598558,node-8334228126
茂陵,108.6084174,34.3168158,node-2999349326
范家屯,125.0673777,43.7109206,node-8436995008
范镇,117.3926041,36.2184748,node-8093813873
茄子溪,106.5002537,29.4268431,node-10828329819
茅岭,108.4475064,21.8499439,node-7692210521
茅草坪,104.7159187,26.214815,node-3192961424
茌平,116.2373954,36.6121905,node-9512632285
茌平南,116.22777,36.5280099,node-10650882521
茨冲,105.104559,26.4964878,node-2323335368
茨坝,105.930838,29.113014,node-1586701868
茫崖,90.8059427,38.2510532,node-7319313621
茫崖镇,90.4662108,38.3279386,node-7319313620
茶亭,119.2996105,26.0721655,node-9157637263
茶卡,99.0574336,36.7965878,node-7319236186
茶山坳,112.6971047,26.9303556,node-3360867134
茶条沟,129.0108445,43.0375895,node-4628338224
茶淀,117.7323181,39.2116102,node-2349729508
茶镇,108.050192,33.0420266,node-2662698229
茶陵,113.5443878,26.8139385,node-2328102100
茶陵南,113.5195159,26.7411061,node-2847511818
茶陵西,113.443962,26.8077031,node-2847500922
荆州,112.2074419,30.372574,node-2492404007
荆门,112.2061711,31.0532562,node-1589178246
荆门西,112.1079687,31.002828,node-10296374210
草六格尔,112.9429615,42.2640494,node-12744888101
草坂,117.5407762,24.5048836,node-3694572008
草坝,103.4056497,23.5197106,node-1599660501
草市,125.2297208,42.2950873,node-2327511887
草店,112.7877366,33.6578297,node-8158566843
草庙子,122.0992809,37.3143868,node-5530871827
草河口,123.9052727,40.8763767,node-1662255973
草海,104.2529749,26.8832118,node-2344590262
荒沟西,128.5520921,42.4410082,node-9171411654
荔波,107.818764,25.3476252,node-10925544050
荣成,122.4025972,37.1437568,node-3315766282
荣昌,105.5775,29.39787,node-1586701913
荣昌北,105.6327848,29.4361741,node-3500459043
荷塘,112.9812651,27.8840829,node-3755321733
莆田,119.0570588,25.3538682,node-1879551033
莎车,77.2297132,38.374286,node-7365811220
莒南,118.8420553,35.1840999,node-12730345878
莒南北,118.7921056,35.2737405,node-9255881281
莒县,118.8347061,35.6522056,node-4484185195
莘县,115.6811616,36.2067826,node-10650882518
莘庄,121.3808599,31.1130124,node-5313309157
莫尔格,105.3426339,40.9703621,node-7473373520
莫尔道嘎,120.8019992,51.2330069,node-1594860840
莱州,119.9138967,37.1329673,node-10536357343
莱芜东,117.6879206,36.2294257,node-7837330995
莱芜北,117.7009937,36.2816413,node-10277100557
莱西,120.5246973,36.8234954,node-6210802486
莱西南,120.5127194,36.808906,node-3914214623
莱阳,120.7043187,36.9275211,node-582812682
莱阳南,120.7463381,36.7207329,node-11247677863
莲东,112.638743,35.13067,node-1577895063
莲江口,130.3143988,46.870935,node-6009757607
莲花山,119.7305716,42.5780592,node-2348136436
获嘉,113.642978,35.256475,node-1577895025
获鹿,114.3143722,38.0766638,node-5429535405
菇园,126.2382508,41.8011731,node-2381431787
菏泽,115.5019149,35.2313038,node-6229705449
菏泽东,115.5575103,35.1845855,node-9354508781
菏泽南,115.4454142,35.2229112,node-6233214903
萍乡,113.8359582,27.6503105,node-1579354019
萍乡北,113.8422996,27.6874541,node-2980616653
营口,122.25985,40.684078,node-2349495354
营口东,122.4233576,40.6235784,node-2681224174
营城,125.9117142,44.1389456,node-2332707901
营城子,121.3844247,38.9781013,node-8670894293
营山,106.5647127,31.0670402,node-2375898324
营盘上,115.2416958,26.5456272,node-3182661262
营盘水,104.3105641,37.4449062,node-9118892091
营盘湾,109.7868061,40.9237134,node-9111251393
营街,104.7345274,26.2640643,node-4663101942
营镇,109.0313132,33.7969572,node-2965578067
萧县,116.9530638,34.1701558,node-3624904914
萧县北,116.9362396,34.2378563,node-7232690208
萧山,120.256788,30.0948289,node-1072744710
萨拉齐,110.5257668,40.5637659,node-1694174661
萨拉齐东,110.5443799,40.5644182,node-5162097926
萨特玛,80.0104022,40.8782831,node-7365718246
落坡岭,115.9804425,39.9871496,node-9265808499
落垡,116.8379401,39.4392182,node-8455171490
葆园,129.1173256,42.9166386,node-4628338193
葛店南,114.655091,30.4926194,node-3097129514
葛根庙,122.3095723,45.8896124,node-1730851531
董家口,119.708426,35.6756355,node-9242869595
董庄,112.6558226,33.32273,node-1577895008
董集,119.2305332,34.4320407,node-4050153585
葫芦,113.0036693,41.0412402,node-1597596199
葫芦岛,120.863017,40.7527535,node-9169258494
葫芦岛北,120.758204,40.741694,node-1582507182
葵潭,115.9921558,23.0670446,node-2990496474
蒋村,120.0637523,30.2970796,node-9848212928
蒙山,117.6680482,35.4489482,node-9255881278
蒙渡,106.8393626,28.4364478,node-8308168390
蒙自,103.4294397,23.3764384,node-9182286775
蒙自北,103.2999266,23.4705771,node-3353966064
蒲县,111.1738182,36.3707203,node-4074616489
蒲坝,102.3048388,27.2294495,node-4322790985
蒲城,109.5544483,34.9359438,node-1607295757
蒲城东,109.6040765,34.9896505,node-3087121590
蒲家,107.5061903,31.3842138,node-4999004201
蒲山店,112.5808776,33.1104381,node-8158566844
蒲江,103.4947204,30.1943569,node-4585401946
蒲石,109.7058435,34.887122,node-2958019025
蒲缥,99.0008887,25.0278145,node-8341337733
蓝村,120.178944,36.395115,node-1606221013
蓝田,109.2062573,34.0819392,node-10861970120
蓟州,117.3626034,39.9936505,node-1799763620
蓟州北,117.3913352,40.0253968,node-2375131349
蓬安,106.4196733,31.0025969,node-5025905998
蓬安西,106.2390192,31.1406103,node-11067492051
蓬溪,105.7021838,30.6817924,node-1916162034
蓬莱,120.7965615,37.7568482,node-5075522342
蓬鲁,118.1526254,25.1225611,node-13612183715
蔡家坡,107.59363,34.3226904,node-2662698162
蔡家崖,111.015464,38.4932982,node-13023075686
蔡家沟,126.1314149,45.1181992,node-2662698161
蔡山,115.787838,29.8934371,node-1769587477
蔺家楼,117.5628841,36.2459291,node-9246201043
蔺市,107.1776566,29.6696212,node-3540380001
蕉溪,108.5531587,27.079312,node-8310568596
蕲春,115.4414529,30.2449001,node-8417536127
蕲春南,115.4021846,30.2055696,node-9691561172
薛孤,112.7349185,38.8065968,node-4471053665
薛家,121.188764,41.1710629,node-9506868284
藁城,114.8268784,38.0269814,node-2329491714
藁城南,114.8490091,37.9854357,node-4039408531
藤县,110.9822827,23.3367345,node-3048731973
虎什哈,116.990494,40.8603289,node-3956117972
虎尔虎拉,123.5428149,47.2446614,node-1595925151
虎山,130.6157723,45.5671709,node-2329802056
虎峰,128.9605672,44.9116747,node-1603990147
虎林,132.9697777,45.7627141,node-9137873799
虎石台,123.5020458,41.9440401,node-1582670414
虎门,113.6682891,22.8632157,node-7063297019
虎门东,113.6883564,22.8313929,node-7063140906
虎门北,113.6665058,22.8618715,node-7063140905
虞城县,115.8590296,34.4086446,node-7949727295
虢镇,107.358696,34.3645345,node-2999328064
蚌埠,117.3718148,32.9448281,node-5369761769
蚌埠东,117.4525855,32.9293798,node-2406612498
蚌埠南,117.4367868,32.9036846,node-6234311904
蛟河,127.3445085,43.7226625,node-1591050109
蛟河西,127.293615,43.726727,node-4038110668
蛟洋,116.7330381,25.1852506,node-7255328921
蜀山东,117.2109188,31.8341818,node-8080534351
蜀河,109.6742865,32.9067336,node-3077687998
融安,109.4075954,25.1878356,node-7915885764
融水,109.23602,25.0740869,node-1614129022
螺山,117.5571576,39.9246313,node-8431451890
街基,123.3765333,46.3013844,node-2343120365
街边,113.0717141,23.0553272,node-8440342294
衙门庙,119.5406187,43.9237376,node-843319821
衙门营,122.2226858,43.3507178,node-5377255160
衡南,112.9453586,26.8278205,node-3361626683
衡山,112.882023,27.2221644,node-8311758359
衡山西,112.7837924,27.2511042,node-8393752517
衡水,115.685057,37.743493,node-2329491721
衡水北,115.6692499,37.7719911,node-9512632284
衡阳,112.6260051,26.8934986,node-582293535
衡阳东,112.7044896,26.8996964,node-582375485
衡阳北,112.6756632,26.9286512,node-582408471
衢州,118.8761197,28.9270213,node-1584384382
衢州东,118.9623368,28.9746157,node-5488773091
衢州西,118.8006376,28.9611666,node-9302050797
衢江,119.0138695,29.0624708,node-11245305515
袁北,118.9698554,33.6788697,node-8524219190
袁寨,115.9425231,32.8716189,node-8503681187
裕国,123.2757116,41.870709,node-1582714231
裕溪口,118.2679307,31.4489001,node-3686480279
裴德,131.8978021,45.6355332,node-9137873804
襄垣,113.028933,36.5060213,node-2323013311
襄垣东,113.0772208,36.5344866,node-8208342111
襄州,112.220428,32.0992448,node-7713641011
襄汾,111.4361155,35.8805989,node-3625396050
襄汾西,111.330422,35.838567,node-3012035358
襄河,126.8491021,48.7979654,node-2344152228
襄阳,112.1491025,32.0594775,node-1586077500
襄阳东,112.2904456,32.0163888,node-7713231790
襄阳北,112.1565514,32.1223154,node-7800640130
西丰,124.7015257,42.7323805,node-12627525341
西丽,113.9494105,22.5836964,node-11170912279
西乌旗,117.5567323,44.6230757,node-5332590673
西乡,107.7565597,32.9962644,node-5363758422
西八里,115.3385979,40.4370573,node-3885999127
西六方,122.0761945,43.4843854,node-1720394612
西华,114.6045794,33.7951774,node-8465329837
西双版纳,100.771878,21.9861485,node-5242587077
西口,120.6935092,46.707638,node-4997106699
西哲里木,120.59701,45.55043,node-1720394614
西固,103.6036819,36.1039226,node-4124557516
西固城,103.5956186,36.1081581,node-9100287775
西土城,116.3477745,39.9748659,node-5448585739
西坑,117.3938924,26.0501673,node-7236082608
西大庙,117.9615261,40.8023531,node-4017665876
西大滩,106.3666195,38.8606381,node-9118892112
西宁,101.813039,36.6207609,node-307345596
西宁西,101.6859206,36.6584487,node-2458354436
西安,108.9578972,34.2799595,node-9620122767
西安东,109.0589375,34.2155056,node-12732838004
西安北,108.9340253,34.3776675,node-4185074601
西安西,108.7516022,34.2712527,node-5762027860
西小召,108.3538637,40.8616847,node-840299620
西岗子,127.340615,49.9014222,node-6318780853
西岭口,121.4791139,48.84754,node-1595854643
西峡,111.50634,33.27299,node-1716593364
西平,114.0334395,33.379065,node-2504111817
西平西,113.7404499,22.9974345,node-6289527417
西斋,111.6298551,29.9784914,node-8597160289
西斗铺,109.7903547,41.2191768,node-9111251389
西昌,102.2223331,27.8803769,node-274389778
西昌北,102.1967181,27.9614632,node-2376827220
西昌南,102.2126076,27.8414544,node-3330230168
西昌西,102.1590116,27.8718658,node-5230058264
西村,114.2263341,27.7547694,node-7217730861
西来,103.5146023,30.3129065,node-4585401948
西林,129.301553,47.4771562,node-9129186238
西柳,122.6174017,40.841804,node-2162861434
西桐古,118.1480482,36.5618633,node-8093813874
西武匠,112.8704672,35.4506975,node-3645316480
西沟,97.9691997,39.6698793,node-9295636274
西渡,121.4274618,30.9914152,node-7550669926
西湖东,114.3958371,23.0890524,node-3693383858
西社,109.725884,35.2420894,node-3416939932
西索木,119.7896885,48.9324351,node-1723663748
西街口,103.5136599,24.8245655,node-3965931639
西贺村,111.2835263,35.5829065,node-1609056570
西里,112.0689055,43.5524764,node-9117619567
西阳村,112.8681299,35.8748525,node-3645320713
西麻山,130.472816,45.2113015,node-9137873815
覃家坝,107.3525803,31.0710306,node-4999063668
观沙岭,112.9470793,28.2340528,node-11107521833
观音机场,117.5578952,34.0404538,node-9242299258
角美,117.8754377,24.5295661,node-2481375096
讷尔克气,124.2461888,50.1512546,node-1252233959
讷河,124.8410424,48.4795259,node-1593383667
许三湾,99.4091517,39.3159702,node-9524455324
许家台,104.206678,35.907337,node-1782660378
许家屯,122.0764047,40.0387682,node-1660110954
许昌,113.8142676,34.0218471,node-8013004348
许昌东,113.8820189,34.0500015,node-8093975737
许昌北,113.9242505,34.1444472,node-8465304461
诏安,117.0926958,23.774602,node-2990496476
诸城,119.3840289,36.062825,node-9246201058
诸往,121.3574527,37.0128516,node-5530871255
诸暨,120.1805427,29.7296617,node-1579354030
读书铺,102.5553212,24.9519365,node-9182286766
谢家镇,126.8072089,44.5665586,node-8602113932
谭家井,103.590728,37.5904238,node-2340595344
谷城,111.596909,32.267179,node-1532826990
谷城北,111.6249025,32.3080093,node-7713231786
谷山,112.9016428,28.2339991,node-3410058622
豆庄,113.8411558,36.7297196,node-2328405918
豆张庄,116.9437214,39.3964092,node-1582348724
豆沙关,104.1307649,28.022727,node-8323645659
豆罗,112.6951161,38.3053676,node-3671675756
贡嘎,91.0384721,29.2901393,node-7329144922
贡家台,115.5655461,37.7691194,node-2329491718
贲红,113.2528894,41.2876233,node-843202351
贵安,106.4805919,26.4696054,node-7159959458
贵定,107.2239348,26.5844563,node-2156949139
贵定北,107.2286611,26.5959393,node-2874016882
贵定南,107.1864684,26.3490255,node-2643971541
贵定县,107.1864596,26.3544563,node-3060319619
贵港,109.609059,23.1028466,node-3909327374
贵溪,117.2095653,28.2932173,node-573197124
贵阳,106.6987409,26.559901,node-1579354011
贵阳东,106.7407259,26.6676326,node-3059393382
贵阳北,106.672454,26.6228345,node-2874005142
贵阳西,106.670048,26.494819,node-2341894809
费县,117.9737009,35.2784449,node-4632069463
费县北,117.9303602,35.3193907,node-9255881279
贺家店,104.8294556,34.7556033,node-1706959743
贺州,111.5341203,24.4572255,node-3060261931
贺胜桥东,114.366065,30.0218256,node-1854112259
贾鲁河,113.8437948,34.7761075,node-9320122089
资中,104.8613837,29.7709093,node-1587112384
资中北,104.8702706,29.7997045,node-3500461696
资中西,104.6105499,29.8947574,node-10931476416
资溪,117.073574,27.7244202,node-1583788096
资阳,104.6498957,30.1274142,node-5143269410
资阳北,104.6800962,30.1283758,node-3500460600
资阳西,104.5479496,30.129394,node-10931476415
赛乌苏,112.1356219,43.4742186,node-9117619568
赛汗塔拉,112.6594772,42.7479221,node-1596389963
赣县,115.1227086,25.9613668,node-2491236181
赣县北,115.1502285,26.0093084,node-2942018400
赣州,114.960344,25.8223836,node-1641971957
赣州东,115.0000732,25.8711812,node-2489411346
赣州西,114.8109169,25.8232973,node-2942047402
赣榆北,119.1971916,35.0424618,node-7659884182
赤城,115.8746905,40.8458951,node-3955132505
赤壁,113.9247365,29.7239396,node-2662698249
赤壁北,113.8947876,29.7393548,node-8396912480
赤峰,118.8958844,42.2738113,node-1720956452
赤峰东,119.0397731,42.2842791,node-1720956449
赤峰北,118.8711718,42.3100852,node-5366754455
赤峰南,118.9536202,42.2548316,node-7682078574
赤木岭,101.7052942,25.1701159,node-5851383975
赫尔洪得,118.4582095,49.2000121,node-9160197907
赵光,126.7250933,48.05954,node-2575908665
赵城,111.6931881,36.3813354,node-3629302729
赵川北,115.3247042,40.707152,node-3885979634
赵庄,112.8523571,35.9436079,node-3645320740
赵甸,120.7706218,32.1499245,node-8523388148
赶水,106.7074541,28.7501278,node-2327990930
赶水东,106.7029727,28.7657812,node-3695359762
超梁沟,117.689326,41.2312243,node-4069797692
越西,102.5225741,28.6337921,node-10309535640
路口铺,113.3621768,29.5125258,node-4582769301
跳蹬,106.4184402,29.3968514,node-3500272572
车墩,121.3161555,31.0074204,node-7171343532
车转湾,104.15031,25.69535,node-2323529346
轩岗,112.424831,38.893246,node-1984411022
转龙湾,110.0319967,39.5352653,node-3685511906
轮台,84.1190789,41.8597834,node-5459573718
轵城,112.56742,35.04287,node-1577895159
轸溪,103.5574225,29.3261586,node-1588514533
辉南,126.2559945,42.6121692,node-9171411649
辉森乌拉西,102.160264,41.9104595,node-7473373513
辉河,119.5122444,48.1226375,node-9125461474
辛堡,111.6993505,36.3068736,node-3629303026
辛集,115.2091446,37.9041796,node-2329491735
辛集南,115.204753,37.8820558,node-7341266742
辰清,127.2309137,49.1410438,node-6320650718
辰溪,110.2507511,27.8817329,node-2662698243
边沟,124.3728713,40.7237881,node-2662698141
辽中,122.7655553,41.5574341,node-8431451878
辽宁朝阳,120.403845,41.5979961,node-4507851963
辽源,125.1223333,42.9026856,node-2327447490
辽阳,123.1630969,41.2795739,node-1609370268
达坂城,88.2949239,43.3544329,node-7372158699
达家沟,125.8158468,44.6565005,node-8436995004
达州,107.4484228,31.2006748,node-1586077379
达布逊,95.3646803,36.9215086,node-357133455
达拉滨,124.781786,49.6638909,node-9129186264
达拉特西,109.8861949,40.3790361,node-3045703578
达连河,129.4574082,46.1464732,node-5697139267
迁安,118.6872071,39.9246179,node-9274358853
迎宾路,123.3036492,41.7992557,node-4068168504
迎春,132.9445961,46.0402441,node-2186899042
迎水桥,105.1044437,37.5091783,node-8690142673
迎祥街,105.2113689,29.3922899,node-1892923697
迎龙,106.7227583,29.5211674,node-10313462554
运城,110.9849959,35.0269268,node-2997721596
运城北,110.9784418,35.0996519,node-9513113927
运粮河,114.1903439,34.797107,node-6708802113
近海,122.8424102,41.481962,node-9167905925
进贤,116.241423,28.3575714,node-2279180791
进贤北,116.3549846,28.6813864,node-11238297044
进贤南,116.2296457,28.340735,node-2866481152
连云港,119.1577915,34.6100545,node-4050213966
连山关,123.7536344,40.9674972,node-1662255999
连江,119.5627016,26.1977359,node-7713944581
连江口,113.3053613,24.0307481,node-8319166483
连湖,96.874555,37.229985,node-7296208320
连珠山,131.7583712,45.4830161,node-2330259270
迤资,101.8666062,26.4607533,node-8078137602
迤那,103.8863229,27.08483,node-8320464767
迪荡,120.6126501,30.0088508,node-10295316888
通化,125.9158008,41.7755756,node-10554222161
通化县,125.8158058,41.6771806,node-2277167044
通北,126.7540775,47.7658692,node-2344167676
通天屯,130.5385628,45.7101201,node-2329802064
通安驿,104.6852323,35.2972204,node-3840311447
通州西,116.6207504,39.9034825,node-844821225
通榆,123.0697033,44.8030473,node-12627525339
通海,102.6673409,24.1191827,node-4603641679
通渭,105.2593837,35.196262,node-3682204873
通辽,122.2658074,43.6016685,node-843153748
通辽东,122.3528534,43.6262324,node-9171411680
通辽北,122.197601,43.6174,node-844681810
通辽西,122.230204,43.5585299,node-9171411682
通远堡,123.9212502,40.7856791,node-1662256018
通远堡西,123.9118981,40.7773405,node-9179735856
通道,109.6278331,26.3194372,node-13661152139
遂宁,105.5390309,30.5455965,node-3358425493
遂平,114.0301037,33.1459687,node-7567152596
遂昌,119.3232179,28.6450774,node-9983211789
遂溪,110.2624679,21.4008526,node-1692209475
道劳杜,119.3712897,47.6594759,node-9125461477
道州,111.5645919,25.5183296,node-8744518975
道清,126.2827041,41.8419186,node-3300176177
道滘,113.6537851,22.9937567,node-9196767922
遥林,126.6556634,41.9181006,node-2156363610
遵义,106.9443526,27.6677199,node-3695331090
邓家湾,104.0061095,27.6073219,node-8323775123
邓州,112.064691,32.685009,node-1589812240
邓州东,112.2606182,32.598457,node-5575655387
邛崃,103.4828129,30.4137542,node-4585404888
邢台,114.4861618,37.0692045,node-2329407071
邢台东,114.5859458,37.0914333,node-2753117299
那曲,91.9894731,31.4454529,node-7296275987
那玉,105.4267535,26.2509804,node-8317373874
那罗,108.27283,22.7344966,node-1569023846
那铺,108.3794239,22.4180382,node-2661130707
邯郸,114.4696555,36.6012666,node-2329019136
邯郸东,114.5531572,36.6198074,node-8397056466
邯郸南,114.4504434,36.5414714,node-7213688369
邳州,117.9557446,34.3193641,node-12023020173
邳州东,118.0081051,34.324903,node-8402779621
邵东,111.742351,27.2776417,node-5559277115
邵家堂,103.8644913,36.1860568,node-9118892080
邵武,117.475076,27.353376,node-1583788088
邵阳,111.455578,27.2158703,node-7263485691
邵阳北,111.4989759,27.5775554,node-2953774880
邵阳西,111.2402308,27.2137672,node-5559277116
邹城,116.952727,35.401315,node-1613210008
邹平,117.7365504,36.7953034,node-9255881285
郁南,111.4641282,23.2479552,node-4346679979
郁山,108.3585221,29.5006159,node-4584123482
郎溪南,119.1514328,30.9402581,node-7659427163
郏县,113.2644081,33.9467065,node-5575721523
郑家坞,120.0935177,29.5037823,node-9660934589
郑州,113.6536663,34.7475076,node-269806844
郑州东,113.7732527,34.7601939,node-6654827885
郑州航空港,113.9268911,34.4891618,node-5575721417
郑州西,113.4184563,34.7448659,node-742843791
郓城,115.8963034,35.601657,node-3090617078
郜营,112.1428665,32.1655592,node-8018359582
郧西,110.4598264,33.0074772,node-9916173421
郫县,103.906209,30.8109481,node-7951474427
郫县东,103.9241899,30.7954249,node-9327370166
郫县西,103.8792247,30.8256523,node-7951474431
郭家屯,120.5284452,40.7366763,node-1657973486
郭家店,124.5717938,43.3398077,node-2348271085
郭尔奔敖包,112.4644313,43.0570865,node-9072960151
郭王村,109.1050711,34.3757553,node-11764057802
郭磊庄,114.5442459,40.7190845,node-5102708790
郯城,118.3712374,34.6032174,node-1605321289
郴州,113.0277796,25.8112435,node-12078063304
郴州西,112.9645311,25.739132,node-8390574022
都匀,107.511088,26.2354546,node-2643971283
都匀东,107.5812782,26.1704167,node-3676346504
都安,108.1100343,23.9705395,node-10925995018
都昌,116.4133009,29.482147,node-2988923788
都格,104.7516722,26.368713,node-4663095293
都江堰,103.6365665,30.9593459,node-7951474433
鄂尔多斯,109.8369698,39.5600184,node-3045622996
鄂州,114.8613327,30.3642379,node-12732524417
鄂州东,114.9430562,30.3638498,node-3097129515
鄄城,115.6648443,35.4232254,node-8419766778
鄠邑,108.675723,34.080975,node-9527263756
鄢陵,114.1341769,34.0652794,node-4732069359
鄯善,90.481395,43.096601,node-269826209
鄯善北,90.1937129,42.9172553,node-2987138033
鄱阳,116.7943091,28.9819727,node-11237974727
鄱阳北,116.8894665,29.3364813,node-2988923789
酉阳,108.9576347,28.8115473,node-1681825191
酒泉,98.4509328,39.6445507,node-1508640816
酒泉南,98.5350745,39.7006352,node-2987125725
醪桥,115.1459062,27.2827318,node-2314081742
醴陵,113.5058314,27.6735159,node-1579354017
醴陵东,113.5725973,27.7185035,node-3021655200
里木店,126.2098232,45.9648997,node-9137873795
重庆,106.5415811,29.5515144,node-530774230
重庆东,106.669173,29.4871069,node-10561477550
重庆北,106.5472729,29.6123216,node-654769359
重庆南,106.5358022,29.4988502,node-654832331
重庆西,106.4322258,29.5030187,node-7238885494
野三关,110.3532436,30.6653125,node-3499269706
野三坡,115.4481434,39.6706326,node-3404875246
野象谷,100.853781,22.1145509,node-8359936340
金刚沱,106.1058966,29.1452961,node-1892923467
金华,119.6312213,29.1142792,node-7160193955
金华南,119.7336942,29.1170519,node-1645281122
金华镇,106.5485737,26.5581987,node-3740820636
金口河,103.1047066,29.2910956,node-1588514399
金口河南,103.008659,29.1904663,node-8166662686
金坑,123.735439,41.131845,node-2349438730
金坛,119.5389768,31.6972997,node-10120263981
金城江,108.0610286,24.7027449,node-1612747503
金堂,104.4295481,30.8435702,node-3358732442
金塔,98.8715351,39.9114027,node-9265488874
金宝屯,123.5718504,43.3811658,node-5391003772
金家店,121.5581013,43.65251,node-843319798
金寨,115.9702216,31.6280374,node-4664182640
金山,85.3586032,38.1934159,node-8204071014
金山北,121.0848732,30.8963212,node-2597030792
金山卫,121.3580596,30.7301085,node-7171384791
金山园区,121.3635716,30.8321923,node-7161813537
金山屯,129.4148453,47.4210712,node-9129186239
金山湾,124.3585487,40.1920018,node-2349438735
金岭镇,118.1860376,36.7933551,node-8345730468
金州,121.7222117,39.0869543,node-1659133904
金昌,102.061387,38.3706187,node-9295636273
金普,121.8080027,39.3288894,node-2832751253
金月湾,108.7118803,18.7804283,node-3926574112
金杖子,119.4963451,40.8836012,node-2514251061
金沙滩,112.910685,39.6715348,node-8375203852
金沟屯,117.5107677,41.0577277,node-4069794059
金珠,126.5461364,44.0196008,node-2332314839
金谷,118.104898,25.1718224,node-8834770534
金钟,104.4029645,26.7828615,node-8320567065
金银川,79.8374641,40.7080028,node-7365783607
金银潭,114.2591336,30.6618862,node-3377741446
金阳,106.5847957,26.6513471,node-7625091632
金阳南,106.5823891,26.6063144,node-7625091612
金马村,102.8402748,25.0230247,node-1534144160
金鸡村,108.181557,22.7603838,node-1569023836
钟家村,114.2607073,30.5510787,node-3541570130
钟山西,111.3268373,24.5552315,node-3676368704
钟祥,112.6108557,31.1784272,node-7202547228
钟祥南,112.6230606,31.0493697,node-10276981073
钟鸣,118.0491712,30.9863324,node-8509562691
钢城,117.8776827,36.0712301,node-10277100594
钦州,108.6157075,21.9871096,node-1999298720
钦州东,108.6648763,21.9824408,node-1999298719
钦州北,108.6472914,22.0585493,node-7681047738
钱家店,122.51125,43.71177,node-2340355354
钱清,120.4067931,30.1243892,node-9077267210
铁刹山,124.3236333,41.2510683,node-9174163136
铁力,128.046669,46.9718082,node-9137876528
铁厂,126.1974225,41.7147998,node-1550539301
铁厂沟,84.38663,46.1720744,node-7368810565
铁口,102.5307316,28.2450559,node-2092190097
铁山,121.1724555,38.8011576,node-9162046996
铁岭,123.8309893,42.2911635,node-8434476657
铁岭西,123.6663885,42.2310275,node-9507383336
铁干里克,87.6735136,40.6265749,node-7319353487
铁西,102.596815,28.6937255,node-2092190100
铁门关,85.6974896,41.8732272,node-4699409521
铅山西,117.7443447,28.2634621,node-2462517053
铜仁,109.1997024,27.7433205,node-1681825151
铜仁南,108.9713101,27.2824472,node-2953807111
铜佛寺,129.2380464,42.8781026,node-4628342385
铜山,118.8765414,31.698213,node-9165117856
铜川,108.9658004,34.9009871,node-12513878306
铜川东,109.0904487,35.0791835,node-9290860299
铜川北,109.0433024,35.089624,node-11124350855
铜罐驿,106.3835736,29.2985241,node-1587088564
铜陵,117.8564514,30.921197,node-9521958023
铜陵北,118.0160809,31.0157065,node-6239494589
铜鼓溪,104.2526234,28.4146797,node-8323495962
银川,106.1686188,38.4916812,node-9118892109
银川东,106.2418435,38.4050726,node-9307694651
银川南,106.113578,38.4024631,node-7772948676
银浪,124.8475778,46.4892769,node-6352805441
银滩,109.4852143,19.7920361,node-3926574090
银瓶,114.1515158,22.9692197,node-6164592089
银盏,113.1247311,23.5519984,node-9198249303
银花,106.7233319,29.7704548,node-10313622592
银镇,118.0342823,41.9036904,node-7123583974
铺集,121.8596709,37.0995083,node-5530871826
锡林呼都嘎,112.7794908,42.5716764,node-1596389964
锡林浩特,116.0209061,43.9171481,node-1552699343
锡林浩特北,116.0326771,43.9663905,node-9072960143
锡铁山,95.6326419,37.257365,node-1602496000
锦和,109.5938587,27.7179389,node-7245028947
锦州,121.1351443,41.1225155,node-2336082903
锦州北,121.1214191,41.1792475,node-8156943653
锦州南,121.1211616,41.0144956,node-8431451881
锦河,127.4063712,50.1352042,node-9129186243
锦界,110.149294,38.721632,node-1606443982
镇城底,112.0577784,37.9496595,node-4066228569
镇安,113.1389172,23.0187365,node-10290250433
镇平,112.2188286,33.0553571,node-1589822216
镇江,119.426989,32.1996564,node-1971813821
镇江关,103.7199155,32.3314597,node-5151619743
镇江南,119.4186399,32.1544439,node-9262932760
镇紫街,106.6710883,28.790014,node-8192936370
镇西,122.4014054,45.8394552,node-1730851608
镇赉,123.1885551,45.8563219,node-1267537594
镇远,108.4073456,27.0401668,node-2825263049
镇雄,105.1221179,27.5945282,node-8745183065
镇龙,113.5879842,23.2872675,node-5589619868
镜铁山,97.9447436,39.3367051,node-2045664588
长临河,117.4772427,31.7006958,node-9524540935
长乐,119.4806639,25.9270606,node-4238807785
长乐东,119.5531476,25.8592139,node-4238806284
长乐南,119.591247,25.757416,node-4238806429
长兴,119.9706148,31.0440015,node-7342299449
长兴南,119.8995539,30.9927335,node-7342408836
长冈,113.2423764,23.3261144,node-9198249300
长农,105.6971225,37.2501425,node-840033510
长冲,100.9560876,25.357062,node-9186758542
长发屯,130.474392,46.7340067,node-2329802051
长坡岭,103.9161501,24.8412221,node-8334108050
长垣,114.654157,35.211724,node-2662698213
长城,104.1096238,37.2891608,node-2340696382
长基,117.9937825,25.3100425,node-13593175786
长子,112.9564861,36.0653142,node-3644693220
长宁,104.9265106,28.6000513,node-5822178036
长安,131.178328,46.6155853,node-13505962547
长安西,113.7240824,22.7882761,node-7063140911
长安镇,120.4391592,30.457296,node-5912000134
长安集,117.1396503,31.8047413,node-9328010330
长寿,106.9621349,29.7920134,node-1681825052
长寿北,107.0700824,29.8832298,node-2775155961
长寿湖,107.1999716,29.9679275,node-3500369577
长山堡,124.9903983,42.1336777,node-9176129493
长山屯,124.4627574,45.3117649,node-1273440762
长岭子,121.3155265,38.9363156,node-2349477555
长庆,118.5921537,25.9033626,node-2987878254
长庆桥,107.7476153,35.3146983,node-8100864291
长征,104.8450584,36.7238114,node-840178488
长春,125.3177297,43.9088384,node-9171411689
长春东,125.3703056,43.8959348,node-3039672927
长春南,125.2527226,43.8493406,node-2662698188
长春西,125.1939041,43.8749384,node-9507383335
长武,107.8178377,35.2728522,node-8100859938
长汀,116.3393861,25.8318013,node-5746525364
长汀南,116.3527953,25.7692988,node-2925675933
长汀镇,128.9316068,44.4635889,node-7901607621
长江埠,113.7213176,30.860442,node-2381028354
长沙,113.0088425,28.1971531,node-317113112
长沙南,113.0598811,28.1500782,node-2803078099
长沙埂,104.6606915,30.005034,node-8173073150
长沙西,112.8205132,28.2653776,node-7771445052
长河坝,102.9425678,29.3055671,node-1588514309
长河碥,105.7795215,29.4421857,node-9334658581
长治,113.0640834,36.1885065,node-1578466504
长治东,113.159081,36.2290739,node-8208342110
长治北,113.1185346,36.3085869,node-2329166651
长治南,113.1005399,36.0926232,node-12730398299
长清,116.7267584,36.5654293,node-10650882522
长甸,124.8061593,40.4809295,node-7846554149
长白山,128.1219234,42.4605171,node-10291003161
长白山西,127.4754868,42.1869367,node-2381431791
长箐,105.271149,26.3174138,node-7704451131
长葛,113.7731665,34.215148,node-2504135265
长葛北,113.7288106,34.2524027,node-5575721521
长虹,123.98612,40.57985,node-1660818512
长阳,116.2065044,39.7625141,node-8073272028
门源,101.5262461,37.4265332,node-4525871790
门达,123.1068961,43.64851,node-2340355350
闵集,114.1360859,30.8257602,node-3377737911
闹海营,117.7170763,41.2935225,node-8428654340
闻喜,111.2107357,35.3564506,node-4076158511
闻喜西,111.173572,35.3369021,node-13042935458
闽清,118.9031142,26.2162899,node-5106720167
闽清北,118.8724582,26.290542,node-9524540938
阆中,105.9534845,31.5601366,node-3596013343
阎良,109.2245785,34.6696781,node-1530850989
阜南,115.5484865,32.6403163,node-2370486189
阜宁,119.6118444,33.5963541,node-1665822785
阜宁东,119.934298,33.8005449,node-4050188145
阜宁南,119.6390034,33.5739247,node-4715006899
阜康,87.9661469,44.1423786,node-6308158131
阜新,121.6542048,42.0558876,node-4507866480
阜新南,121.632292,41.985181,node-2340355349
阜阳,115.8639622,32.91667,node-8278853407
阜阳北,115.8646864,32.9723303,node-8050267870
阜阳西,115.7476278,32.8849409,node-4592130192
防城港北,108.3734756,21.7164225,node-5932710969
阳东,112.1492725,21.9569582,node-8868075261
阳信,117.6125701,37.5686529,node-4391676558
阳圩,106.3683375,23.8924269,node-8841766451
阳城,112.486694,35.4932763,node-2967248859
阳宗,102.9783639,24.8269155,node-3695429928
阳岔,126.2361719,41.2147885,node-1550539310
阳平关,106.0336066,32.9684936,node-1546239767
阳新,115.1746628,29.8621677,node-1769587486
阳方口,112.3313572,39.092748,node-3699706745
阳明堡,112.87306,39.00438,node-1984411027
阳春,111.75662,22.19251,node-1640922648
阳春东,111.9049824,22.1891207,node-9674103621
阳曲,112.6755449,38.0574467,node-3671619715
阳曲西,112.6417506,38.0719471,node-3671646981
阳朔,110.5633625,24.9636063,node-3676370264
阳江,111.9859931,21.8131032,node-5485730495
阳江北,111.8336501,21.9213054,node-11613300847
阳泉,113.5858557,37.8561159,node-2295519230
阳泉东,113.5951486,37.8847507,node-7875446254
阳泉北,113.4312001,38.1143877,node-2505163524
阳泉曲,111.54647,37.07397,node-2328308916
阳澄湖,120.8573261,31.3822528,node-9242148029
阳西,111.6387338,21.7988151,node-9192805737
阳谷,115.8036245,36.1014402,node-8419766776
阳邑,113.8962936,36.7377879,node-7461167199
阳高,113.7325719,40.3643062,node-1597596273
阳高南,113.7936985,40.3119724,node-7193434490
阴塔,111.382145,39.0504501,node-4587890204
阿克塞,94.3690824,39.6144744,node-5010483348
阿克苏,80.3045372,41.1437883,node-2662698004
阿克陶,75.9742422,39.1674549,node-9182286778
阿勒泰,88.087107,47.7175751,node-8787834135
阿南庄,101.8145845,25.4455695,node-1758381586
阿图什,76.219679,39.719669,node-2662698034
阿城,126.9885306,45.5505656,node-2662697995
阿城北,127.0175194,45.5874877,node-6314359568
阿寨,102.6763252,28.8925884,node-2092189927
阿尔乡,122.4198577,42.8217507,node-5377255161
阿尔山,119.9412377,47.1703671,node-2662697996
阿尔山北,119.8022207,47.2814574,node-4996978334
阿巴嘎旗,114.9922177,44.0033713,node-4516499680
阿拉尔,81.2082061,40.5537802,node-7372291396
阿拉山口,82.5704564,45.1702695,node-2662698005
阿木尔,123.156031,52.8601309,node-9129186255
阿贵图,113.13412,41.7819,node-2662697997
阿达日嘎,103.6296585,41.4125277,node-7473373516
阿达日格,113.1851845,41.5346212,node-12744883799
阿里河,123.7230268,50.5784411,node-2662698006
阿金,121.7495013,42.0414519,node-2662698003
阿龙山,121.8732768,51.6858428,node-2662698007
陆丰,115.7284621,22.9507378,node-1732278092
陆丰东,115.8848329,22.9081578,node-10554312400
陆丰南,115.6565069,22.8953748,node-10554312405
陆川,110.253795,22.31272,node-1541942454
陆良,103.6956389,24.8494764,node-2093554455
陇南,104.9569401,33.377143,node-9546662163
陇南西,104.8473546,33.4112997,node-3500351611
陇县,106.8464151,34.8721,node-2368523117
陇西,104.702298,34.953181,node-4438875617
陈官营,103.6600319,36.0873004,node-5636152181
陈家湖,111.8220979,32.1543775,node-3555707810
陈家湾,104.4237983,30.7026424,node-1817420719
陈家湾西,103.2099647,36.1607491,node-3958199219
陈庄,109.5923374,34.8557341,node-2957260058
陈村,113.2333737,22.9721056,node-11932116431
陈江南,114.3218713,23.0087456,node-6164244012
陈相屯,123.5257931,41.562813,node-2662698244
陵城,116.5779594,37.2932162,node-4729023821
陵水,110.0288117,18.5379736,node-3924117307
陶卜齐,112.0265635,40.8806379,node-2933291741
陶家屯,124.9829471,43.6439249,node-8436995009
陶思浩,110.9256716,40.6582325,node-1694174667
陶赖昭,125.9334909,44.8247983,node-8436995000
隆中,111.9888043,31.9691652,node-9317600726
隆化,117.7449966,41.3263943,node-3523467824
隆回,111.0295057,27.1497917,node-5559277118
隆安,107.6786022,23.1772753,node-7278842964
隆安东,107.7020126,23.137833,node-4039439588
隆昌,105.2778307,29.3586767,node-1586701901
隆昌北,105.2874349,29.4683757,node-7158189078
随县,113.2044496,31.7678634,node-8536809977
随州,113.411242,31.7235144,node-8930909278
随州南,113.3574609,31.6531859,node-8536806862
隔蒲,113.7235647,30.9586628,node-7202565682
隰县,110.9208346,36.6503245,node-4074615779
雁栖湖,116.6533256,40.3726301,node-7805085887
雁石,117.1491909,25.2506639,node-5864608172
雁石南,117.1489763,25.2440215,node-7237831723
雁石坪,92.0710013,33.5809472,node-1756562940
雁翅,115.8912885,40.0343015,node-9265808485
雁荡山,121.1478227,28.3444955,node-7714110153
雁门关,112.7919371,39.0483904,node-10297769454
雄安,116.1541449,39.055576,node-6819545356
雅安,103.0546975,30.0313155,node-7369730796
雅河,124.9133491,41.1095021,node-9174163140
雅鲁,122.1374075,48.5478238,node-1595854649
集宁,113.104421,41.0423136,node-5241738017
集宁南,113.0922635,41.0298756,node-4693142089
集安,126.1987707,41.1341712,node-2278432367
雨格,104.665321,26.1024006,node-4593965704
雪野,117.5831482,36.4605169,node-10282066317
零陵,111.5754935,26.226133,node-2134702880
雷州,110.0413846,20.9213797,node-1692280663
霍城,80.8361471,44.057893,node-6318115609
霍尔果斯,80.454297,44.1561927,node-6316474613
霍州,111.7132452,36.5859174,node-807798137
霍州东,111.8309504,36.5647874,node-3012041088
霍林河,119.6269675,45.4449933,node-9069903365
霍林郭勒,119.662353,45.5329183,node-3283374416
霍邱,116.137521,32.0561877,node-3848630531
霞浦,121.852779,29.8930916,node-13114394507
露水河,127.8094535,42.5114282,node-1590840573
霸州,116.369574,39.1213999,node-2351141700
霸州北,116.3209729,39.1849509,node-6819545358
霸州西,116.3441688,39.092365,node-3931584035
青县,116.8328744,38.5770956,node-1668282552
青城山,103.6050814,30.8949012,node-7951474434
青堆,123.2217872,39.8420224,node-9166853510
青堆子,121.9113202,41.4494793,node-1188969446
青山,130.5610453,45.4439756,node-1604972737
青岛,120.3074598,36.0630982,node-9255077341
青岛北,120.3680563,36.1692408,node-8081624907
青岛机场,120.0898391,36.3592345,node-8253269141
青岛西,119.9504953,35.9024084,node-9549447313
青岭子,129.060849,44.6373435,node-1603990235
青川,105.3301088,32.1877229,node-7332270418
青州,117.980783,26.531521,node-7235401601
青州市,118.497898,36.7716291,node-4071777100
青州市北,118.5722629,36.8312188,node-5322560852
青杠,104.0235948,30.727987,node-8242507060
青水山,124.5752947,48.0301468,node-1727803074
青海湖,100.6530227,36.9618094,node-3688803386
青溪,108.730052,27.1232183,node-627665638
青田,120.275622,28.1400241,node-7702364114
青白江,104.2052132,30.9009945,node-3931849630
青白江东,104.2230794,30.8972219,node-9527263758
青神,103.7676698,29.8514939,node-8148643737
青花,107.9989417,31.9811919,node-12732718438
青莲,104.6992692,31.6734997,node-8148277240
青铜峡,105.9278704,37.9182168,node-5923782517
青龙,130.5787651,45.2451761,node-9137873813
青龙场,103.8673114,30.2972201,node-1588514481
青龙山,116.7964464,33.8712013,node-6325241129
青龙桥,116.0201377,40.3509931,node-822489029
青龙沟,94.4228768,38.2039757,node-5010518205
靖宇,126.7721235,42.3946597,node-9171411652
靖州,109.683934,26.570013,node-1614129013
靖西,106.3874285,23.1501786,node-4971974524
靖边,108.7509369,37.6187505,node-4040032497
靖远,104.6709789,36.5519656,node-840181798
靖远北,104.6602311,36.6091692,node-9609590094
靖远西,104.64993,36.56057,node-840181301
静海,116.9245395,38.9318197,node-8452311706
革居,104.6926401,25.1140987,node-8333191558
鞍山,122.9804603,41.1108084,node-2662698022
鞍山西,122.9089799,41.1164154,node-6179162252
韦庄,109.9313535,34.9714652,node-1607295764
韩城,110.4363554,35.4848574,node-1011213583
韩堂,112.3710246,32.9323619,node-8158566845
韩家岭,113.2285597,39.9823944,node-8375127566
韩家村,109.9093784,39.9050027,node-4070997926
韩家楼,111.5795692,39.0924568,node-4587890200
韩府湾,106.1251267,36.6062003,node-1783909022
韶关,113.5089582,24.753512,node-2409601358
韶关东,113.5992672,24.7971089,node-5646972857
韶山,112.5236705,27.9247488,node-9202090132
韶山南,112.542372,27.8917034,node-2953768282
项城,114.8852009,33.413903,node-8491560354
顺义,116.6511833,40.1288586,node-5441544159
顺义西,116.4853413,40.1787983,node-9507383338
顺德,113.2713725,22.8776888,node-7710011710
顺德北,113.1235276,22.9651193,node-11932116428
顺德学院,113.3143817,22.8253841,node-7710011711
顺昌,117.8108604,26.8036034,node-1583788092
顺河场,104.6592081,29.9447224,node-8173073433
颍上,116.3013822,32.7413981,node-5749716721
颍上北,116.2058955,32.68115,node-9987644049
颍泉,115.8524676,32.9697099,node-8050290197
颜家垄,112.7693676,26.9315577,node-3362909207
颜家河,106.7902188,34.3775072,node-3026390661
额敏,83.5872459,46.5605645,node-6332801171
额济纳,101.0317688,41.8968968,node-5198821252
风陵渡,110.3063692,34.6322897,node-807798220
飞霞,113.0794097,23.7440433,node-9330198476
饮马峡,95.870013,37.3229937,node-7276945325
饮马峡北,95.8185293,37.345954,node-3938893102
饮马峡西,95.8045964,37.3048626,node-7296208319
饶平,116.9283432,23.714094,node-9258885991
饶阳,115.710858,38.236695,node-2351141707
首山,123.0666336,41.2192756,node-635061854
香兰,129.7500056,46.6505005,node-9137876522
香坊,126.6737467,45.7189791,node-2333085951
香格里拉,99.6888689,27.8140311,node-9296633913
香樟路,113.0237467,28.1408669,node-3410044783
香河,117.0276648,39.7188328,node-10296507040
马三家,123.2316655,41.8961312,node-685376309
马嘎,104.7733188,26.6219842,node-1964861297
马回岭,115.8072556,29.4618986,node-8417536129
马场,106.4125499,26.4024551,node-2341894811
马坑,117.0660321,24.9933213,node-3694575617
马头,114.420779,36.475905,node-2329134712
马山县,108.1680841,23.7464262,node-10926262897
马村,103.6063099,29.8121578,node-1588514431
马林,119.1779663,42.2719976,node-1720956490
马柳,118.5205145,39.8600427,node-8431451884
马棚,112.0818973,32.1316312,node-8038701586
马海,94.3598423,38.3932275,node-5010529255
马田墟,112.8994158,26.0921503,node-8373975418
马皇,108.6482344,22.0508391,node-2661130703
马盖图,112.69913,40.90549,node-1597596212
马街,103.9142047,30.8997702,node-9327370170
马路圩,110.8965085,22.8849492,node-8859228082
马踏,111.3608215,21.6840348,node-8976366466
马蹄湾,106.0385002,33.4712294,node-2324653299
马铺营,118.5135797,39.8681682,node-9274358854
马鞍,106.6182526,31.4855897,node-11067492049
马鞍山,118.4968455,31.7094914,node-1029084857
马鞍山东,118.5360598,31.6945772,node-3798940125
马龙,103.6205471,25.488336,node-7705012379
驻马店,114.0368444,32.9810099,node-3305961225
驻马店西,113.9726374,33.0025565,node-8396976231
骆驼巷,104.0453602,36.0262997,node-665133159
高兴,106.7315526,30.279194,node-8737376578
高兴镇,115.2833022,26.4169541,node-3182655176
高台,99.7878412,39.2684224,node-2987123075
高台南,99.7676842,39.2939174,node-2987122989
高台子,122.7956246,47.9346088,node-1595854606
高台山,122.8722793,42.0244828,node-5387371821
高各庄,116.6233262,40.2570979,node-3956268935
高坪,110.0849122,30.666672,node-10120263998
高坪铺,107.1410944,26.5117735,node-2643969694
高头,124.0631072,47.4093889,node-1728086194
高安,115.3798045,28.4741539,node-2828212883
高家,124.5545413,46.8143663,node-9157555169
高家村,109.7918943,40.9796794,node-9111251392
高密,119.7631602,36.392559,node-2333425137
高密北,119.7805016,36.5150596,node-5285771422
高尔山,123.9002695,41.8741471,node-9162845412
高山子,122.0525478,41.5522373,node-1655741293
高岭,120.0126072,40.1447158,node-5346336883
高峰,106.34182,26.39011,node-2341894807
高川,104.2037126,31.6371265,node-9045435158
高州,110.8843608,21.8985958,node-5043311371
高平,112.9128288,35.8012934,node-1578466518
高平东,112.9588474,35.7337337,node-8208342108
高村,113.1889489,22.9474747,node-10290250427
高林屯,122.5460637,43.868612,node-9500070311
高桥镇,120.9992265,40.8950308,node-1657245384
高楞,129.2675285,45.9866673,node-5697139266
高滩,108.3549327,32.4340136,node-1556058452
高潭子,106.04206,33.12455,node-2324653244
高炉子,106.936482,27.811395,node-5772960010
高碑店,116.5255476,39.9082528,node-8978629464
高碑店东,115.9406719,39.2878645,node-2753105922
高花,123.0249184,41.6868946,node-9167905926
高谷,108.0683864,29.3905302,node-1681825082
高邑,114.59169,37.60444,node-2329407068
高邑西,114.524187,37.6290632,node-2753124016
高邮,119.5002053,32.7756646,node-4715031302
高邮北,119.4504871,33.0042898,node-13061742380
高阳镇,122.7466457,39.6125743,node-1659252251
高陵,109.1284619,34.507566,node-12513851177
魏善庄,116.402515,39.6648677,node-8445004257
魏家楼,109.5565168,37.5613441,node-3122180865
魏家泉,87.818951,44.1221068,node-6308158132
魏杖子,119.0586937,40.9740756,node-2336082823
鱼儿沟,87.885848,42.8352412,node-7363504705
鱼卡,94.9714637,38.0676054,node-5010529568
鱼嘴,106.7585365,29.6260766,node-9794429802
鱼泉,108.8484397,29.1952038,node-1681825197
鱼背山,108.4807463,30.5950726,node-3499344281
鲁山,112.8975132,33.7501329,node-1577895084
鲁河,122.9822791,47.446917,node-1595854624
鲁番,104.5262583,25.6175388,node-2323529374
鲅鱼圈,122.0898847,40.1865964,node-4391476630
鲇鱼山,117.1099825,29.2065705,node-3501765796
鲘门,115.1202422,22.8156414,node-10224522918
鲜滩,103.7554786,29.9941288,node-8150317088
鸟岛,99.7447721,37.1791732,node-4472458864
鸡东,131.1443192,45.2506705,node-9137873810
鸡冠山,123.91956,40.51715,node-1660818524
鸡场坡,105.6682795,26.4155382,node-9329260384
鸡西,130.9701783,45.302136,node-9131669916
鸡西西,130.8147808,45.3088491,node-9429768333
鸣李,112.6395419,37.7666947,node-9512571937
鸦雀岭,111.6146738,30.6650789,node-7202301456
鸭园,126.1747586,41.7594087,node-9174163144
鸭江,107.3954253,29.4533151,node-8197954877
鸳鸯镇,104.7796678,34.8000083,node-3840303358
鹤北,130.4625503,47.5393591,node-9129186220
鹤壁,114.2674389,35.7601516,node-8308266735
鹤壁东,114.2943925,35.7060551,node-8401357511
鹤壁时丰,114.229373,35.9682142,node-6630719937
鹤山,125.2374905,49.0137189,node-1727803035
鹤岗,130.2771762,47.3378858,node-3824970873
鹤庆,100.2159077,26.5591689,node-2215509164
鹤立,130.2833737,47.0507098,node-9129186225
鹧鸪江,109.4163595,24.3913258,node-5407444043
鹰手营子,117.6558999,40.5488174,node-844821222
鹰潭,117.0228762,28.2385765,node-2445713990
鹰潭北,117.0338664,28.3087644,node-2980591313
鹿寨,109.7414086,24.4828143,node-1539233565
鹿寨北,109.6498986,24.6435139,node-4419754645
鹿道,129.281712,43.8736747,node-2333212318
麓谷,112.8589094,28.2519067,node-5433619339
麦园,117.4964275,25.5865421,node-1583788086
麻城,114.957624,31.148281,node-1575144249
麻城北,114.9792945,31.1892671,node-7199441363
麻尾,107.4557396,25.3222229,node-1612747505
麻山,130.5318689,45.203024,node-9137873814
麻旺,108.9464432,28.9075724,node-5549333750
麻柳,108.19224,32.299367,node-1556058493
麻栗,102.1908486,27.5401224,node-8151271758
麻涌,113.5689013,23.0232104,node-8901184330
麻阳,109.7982179,27.858665,node-1613271747
麻阳西,109.7754946,27.8384914,node-9544816612
黄丝,107.4076857,26.5895913,node-4936405300
黄冈,114.9386778,30.4882941,node-4640099971
黄冈东,114.9811801,30.5092137,node-9317600789
黄冈西,114.8834337,30.5068901,node-3387439248
黄口,116.6921582,34.3611739,node-8502219695
黄台,117.0570412,36.6915001,node-3774609329
黄土岗,115.2276778,27.9035882,node-5395447266
黄土店,116.342306,40.0691902,node-1419186468
黄家坝,102.1711129,27.4741527,node-1558444909
黄家店,118.198959,41.966371,node-1721802916
黄山,120.1538592,30.1425513,node-13594369725
黄山北,118.2673395,29.8183365,node-3656291049
黄山西,118.0846561,30.2797295,node-10667605781
黄州,115.0003385,30.5889729,node-8417536126
黄平,108.0957228,26.8705566,node-5593903605
黄村,116.3248517,39.7193124,node-2351141827
黄松甸,127.7220636,43.6392989,node-1590460721
黄柏,126.335834,41.3358962,node-1550539257
黄桶,105.6855127,26.197415,node-1565858570
黄桶北,105.6879776,26.208089,node-7704451133
黄梅,119.110678,32.0100269,node-9165103275
黄梅东,115.9675598,30.0638943,node-9302855771
黄梅南,115.897904,29.943425,node-9520363421
黄水,108.4928187,30.0985951,node-3500438112
黄水塘,102.1886603,27.6077637,node-8151179056
黄河景区,113.5267584,34.9322488,node-3717101415
黄河涯,116.3265752,37.3540338,node-7855842557
黄泥崴子,127.2610831,42.2023717,node-12494933328
黄泥河,128.0117244,43.5530636,node-1590460718
黄流,108.8273216,18.5304046,node-3926612108
黄渡,121.2351783,31.2958703,node-4513596856
黄瓜园,101.8621411,25.8267996,node-7850592663
黄石,114.9356463,30.1566312,node-3182617648
黄石北,115.0028274,30.2142887,node-12732524418
黄磏,106.2967759,29.2687843,node-1586701879
黄粱梦,114.4772306,36.6884309,node-8382763915
黄羊城,110.509386,39.0338237,node-3156037786
黄羊湾,105.4883569,37.5113258,node-9118892094
黄羊滩,106.0145903,38.2593918,node-9118892107
黄羊镇,102.835368,37.656011,node-2340595339
黄联关,102.200847,27.6851065,node-8151154551
黄胜关,103.5251124,32.8950569,node-9147757648
黄花筒,120.95346,43.14606,node-1720956481
黄金坳,109.9442866,27.6623439,node-8236461402
黄陵,112.60546,37.773654,node-12603838364
黄陵东,109.3506818,35.6185034,node-2958021496
黄陵南,109.3844045,35.5814252,node-2958021495
黄龙九寨,103.6133889,32.7477854,node-10574674384
黎城,113.3854401,36.514713,node-10276529761
黎塘,109.1287556,23.196591,node-7911621940
黑冲滩,103.3386938,37.6423952,node-2340595336
黑台,131.6184659,45.4080254,node-9137873807
黑山北,122.294628,42.0435761,node-4507869068
黑山头,125.56504,42.436935,node-2327511889
黑山寺,116.790394,40.4894227,node-3956111537
黑旺,118.1961035,36.6236868,node-1301361569
黑松驿,102.9082967,37.3615561,node-11822383810
黑水,122.8186941,45.2123347,node-9506868289
黑沙土,106.3803871,39.4624603,node-3685453995
黔城,109.8334382,27.2030142,node-8739286261
黔江,108.7899045,29.4441707,node-1681825133
黔西,106.043688,26.9888186,node-3740915261
黟县东,118.0429002,29.8873331,node-10666136336
鼎湖东,112.654978,23.2166847,node-9195330008
鼎湖山,112.5819817,23.1766514,node-6961702890
齐哈日格图,112.3500806,43.2317943,node-9117619570
齐岳山,108.7097403,30.3526681,node-3499334919
齐河,116.8568074,36.8430613,node-6184600989
齐齐哈尔,123.990047,47.3384973,node-7872489297
齐齐哈尔南,123.9653116,47.2824806,node-7872489296
龙丰,114.3896876,23.06593,node-6164592109
龙井,129.4242212,42.7770103,node-9171411668
龙伯屯,107.11194,22.1862,node-1577103516
龙兴,106.8523396,29.7276304,node-10313458327
龙华,121.4486885,31.1748452,node-2448270613
龙南,114.8728467,24.9230564,node-1641971970
龙南东,114.8636481,24.9079901,node-8760954204
龙口,115.2938519,26.1606402,node-3182655177
龙口市,120.517906,37.6183042,node-5075522332
龙嘉,125.6940461,43.9904922,node-2375089681
龙坑,106.885493,27.5649907,node-8208703840
龙塘镇,113.0785404,23.6086625,node-9198249302
龙家堡,125.649877,44.06697,node-2332707898
龙家营,119.6770576,39.9614788,node-7777444183
龙山,125.3529766,42.3466548,node-9176129491
龙山北,109.4596878,29.4902832,node-6615339423
龙山镇,117.3577112,24.6946923,node-7252318603
龙岩,117.0005603,25.1000121,node-638704454
龙川,115.2325977,24.1147196,node-1619080438
龙川西,115.1752934,24.08043,node-9053630464
龙州,106.8740455,22.3146162,node-11278698812
龙市,113.9629305,26.7229615,node-3362903230
龙广,105.1693406,25.1113918,node-8320962483
龙桂,106.0969242,31.0676146,node-8163476370
龙桥,117.4379223,31.1367607,node-4724795895
龙江,123.1720343,47.3270778,node-4146575707
龙池,118.8153309,32.3213301,node-7998554085
龙沟,102.8989957,37.3175168,node-3840242010
龙泉,125.4055211,43.9168418,node-9178152018
龙泉寺,103.3858615,36.4824363,node-269831765
龙泉市,119.1277278,28.0355695,node-7935632105
龙洞,117.1114026,36.6178631,node-9165175456
龙洞堡,106.7957002,26.5454666,node-3739089059
龙游,119.160109,29.0058398,node-1651805298
龙游北,119.136666,29.1627894,node-9302050796
龙游南,119.1510013,28.8468476,node-7898882551
龙湖,131.2452965,45.8620372,node-13508900516
龙潭寺,104.1778688,30.7107405,node-3195094193
龙爪沟,124.6417127,40.818732,node-1592559583
龙船,127.3798224,46.8795254,node-9137876530
龙里,106.9696085,26.4507078,node-3544629616
龙里北,106.9632436,26.4717745,node-3060329171
龙镇,126.7091859,48.6845236,node-9129186248
龙门河,126.9137797,48.9268684,node-10216416208
